0.82,0.8,8.4303
0.33,0.26,7.9469
0.92,0.7,7.2077
0.1,0.64,6.9303
0.13,0.05,4.9484
0.25,0.22,6.8218
0.39,0.09,7.869
0.32,0.15,7.5065
0.5,0.46,9.8391
0.01,0.31,5.3245
0.01,0.62,6.5112
0.84,0.08,5.2743
0.22,0.29,6.7374
0.06,0.46,5.9265
0.51,0.71,10.881
0.34,0.45,8.8064
0.56,0.52,10.015
0.71,0.22,7.3993
0.35,0.41,8.85
0.79,0.69,8.2386
0.04,0.1,4.4355
0.49,0.46,9.824
0.63,0.77,10.454
0.57,0.6,10.196
0.42,0.33,9.0935
0.15,0.22,5.6523
0.76,0.52,7.9661
0.32,0.18,7.5634
0.72,0.74,9.2826
0.76,0.31,7.0876
0.57,0.06,8.2565
0.15,0.99,8.7857
0.68,0.32,8.1609
0.63,0.99,11.384
0.75,0.51,8.0675
0.75,0.42,7.7087
0.61,0.09,7.9142
0.5,0.51,10.008
0.59,0.81,11.077
0.06,0.12,4.6313
0.52,0.67,10.711
0.65,0.48,9.0538
0.71,0.32,7.6545
0.03,0.97,7.9664
0.47,0.95,11.858
0.77,0.69,8.4524
0.98,0.2,4.7928
0.99,0.63,6.4816
0.64,0.53,9.4387
0.05,0.91,7.6969
0.41,0.4,9.349
0.15,0.73,7.7541
0.98,0.11,4.4953
0.07,0.91,7.8175
0.62,0.47,9.3278
0.77,0.09,5.9894
0,0.93,7.6889
0.85,0.46,6.6714
0.94,0.28,5.2844
0.65,0.54,9.3452
0.58,0.84,11.212
0.9,0.76,7.569
0.28,0.22,7.2847
0.53,0.56,10.229
0.77,0.74,8.5628
0.12,0.26,5.6576
0.1,0.69,7.1561
0.17,0.03,5.0878
0.64,0.85,10.728
0.36,0.67,9.8991
0.33,0.8,10.25
0.54,0.9,11.51
0.18,0.14,5.7206
0.68,0.75,9.7773
0.89,0.68,7.2149
0.19,0.05,5.4924
0.3,0.51,8.5927
0.88,0.02,4.5954
0.3,0.63,9.1042
0.76,0.98,9.8302
0.78,0.56,7.7927
0.54,0.97,11.776
0.92,0.78,7.3928
0.16,0.72,7.792
0.35,0.03,7.1977
0.12,0.72,7.4697
0.94,0.17,4.8883
0.83,0.98,8.9187
0.55,0.59,10.253
0.07,0.62,6.7004
0.27,0.03,6.3871
0.86,0.93,8.4221
0.12,0.33,5.8946
0.21,0.41,7.2234
0.62,0.16,8.0504
0.51,0.6,10.443
0.2,0.7,8.1542
0.88,0.76,7.5641
0.5,0.52,9.9886
0.44,0.58,10.202
0.83,0.68,7.7494
0.05,0.9,7.7535
0.03,0.72,6.9302
1,0.17,4.6557
0.02,0.08,4.2008
0.48,0.31,9.2632
0.23,0.12,6.1943
0.09,0.26,5.4494
0.29,0.33,7.8604
0.39,0.75,10.636
0.51,0.08,8.2705
1,0.76,7.1422
0.62,0.08,7.7167
0.93,0.14,4.8651
0.21,0.82,8.7375
0.7,0.85,9.9628
0.62,0.84,10.758
0.63,0.69,10.196
0.63,0.17,8.0836
0.09,0.59,6.6029
0.99,0.47,5.7722
0.87,0.9,8.1786
0.23,0.79,8.8613
0.77,0.02,5.8541
0.35,0.97,11.057
0.82,0.77,8.2118
0.6,0.69,10.427
0.39,0.68,10.219
0.6,0.65,10.137
0.6,0.25,8.5451
0.2,0.06,5.6215
0.39,0.93,11.24
0.87,0.33,5.9831
0.76,0.67,8.6159
0,0.94,7.6882
0.47,0.3,9.1566
0.98,0.33,5.2938
0.77,0.08,5.9758
0.38,0.6,9.8791
0.39,0.16,8.1895
0.21,0.09,5.7691
0.55,0.48,9.8176
0.23,0.37,7.2706
0.76,0.12,6.3517
0.09,0.44,6.0676
0.67,0.62,9.4406
0.5,0.65,10.5
0.76,0.51,7.8269
0.61,0.04,7.7503
0.94,0.47,5.9435
0.23,0.35,7.1275
0.41,0.56,9.9074
0.39,0.14,8.1637
0.04,0.2,4.8713
0.02,0.68,6.7811
0.14,1,8.7251
0.69,0.85,10.131
1,0.39,5.6199
0.34,0.74,10.14
0.97,0.71,6.923
0.16,0.28,6.0836
0.08,0.83,7.4595
0.82,0.54,7.3092
0.75,0.94,9.8033
0.27,0.52,8.311
0.67,0.41,8.6766
0.65,0.92,10.871
0.74,0.32,7.3674
0.6,0.53,9.7462
0.52,0.94,11.707
0.23,0.86,9.1799
0.34,0.17,7.7177
0.58,0.7,10.603
0.34,0.78,10.232
0.75,0.22,6.9231
0.65,0.26,8.2415
0.36,0.15,7.8615
0.42,0.12,8.1721
0.97,0.69,6.89
0.42,0.41,9.3807
0.84,0.63,7.4115
0.05,0.81,7.4225
0.01,0.42,5.6484
0.23,0.65,8.4857
0.02,0.59,6.4219
0.74,0.22,6.9957
0.31,0.33,8.0906
0.66,0.08,7.4673
0.71,0.82,9.8903
0.53,0.46,9.701
0.22,0.58,7.8582
0.96,0.35,5.438
0.84,0.66,7.5534
0.93,0.85,7.6475
0.71,0.23,7.4812
0.67,0.28,8.1502
0.37,0.42,9.1397
0.8,0.69,8.1893
0.52,0.22,8.9049
0.46,0.75,10.993
0.69,0.69,9.4945
0.89,0.37,5.9255
0.62,0.27,8.5117
0.83,0.2,5.7937
0.34,0.56,9.2826
0.09,0.29,5.5209
0.64,0.98,11.06
0.87,0.55,6.7423
0.21,0.17,6.1754
0.02,0.87,7.526
0.24,0.57,8.1746
0,0.57,6.3589
0.94,0.76,7.1998
0.46,0.27,9.0606
0.76,0.68,8.5505
0.7,0.92,10.329
0.45,0.76,11.023
0.58,0.58,10.098
0.64,0.21,8.0601
0.04,0.23,5.013
0.03,0.9,7.5189
0.63,0.62,9.8964
0.03,0.63,6.5876
0.58,0.49,9.7257
0.65,0.17,7.8702
0.01,0.38,5.5665
0.89,0.02,4.5694
0.34,0.97,10.849
0.39,0.6,9.9105
0.57,1,11.875
0.53,0.34,9.189
0.06,0.74,6.9908
0.17,0.51,7.0899
0.13,0.17,5.369
0.2,0.15,6.0459
0.49,0.18,8.8036
0.31,0.76,9.7706
0.01,0.97,7.846
0.36,0.62,9.7993
0.66,0.05,7.2976
0.75,0.12,6.5122
0.93,0.72,7.0439
0.96,0.94,7.8283
0.05,0.85,7.4523
0.21,0.14,6.01
0.39,0.08,7.8823
0.65,0.55,9.5137
0.65,0.95,11.046
0.01,0.69,6.7238
0.43,0.35,9.1327
0.51,0.1,8.4137
0.9,0,4.39
0.63,0.05,7.4493
0.3,1,10.678
0.77,0.86,9.2203
0.95,0.15,4.6795
0.06,0.73,7.0242
0.32,0.35,8.2797
0.64,0.15,7.8225
0.09,0.78,7.481
0.48,0.95,11.757
0.54,0.18,8.6795
0.68,0.58,9.1216
0.12,0.49,6.4336
0.25,0.03,6.0923
0.75,0,6.0096
0.9,0.47,6.2891
0.98,0.07,4.2795
0.85,0.73,7.7417
0.25,0.01,6.0732
0.29,0.21,7.3331
0.2,0.84,8.7629
0.34,0.67,9.6769
0.26,0.73,9.0885
0.87,0.32,5.7959
0.78,0.54,7.7377
0.45,0.89,11.466
0.72,0.5,8.4773
0.2,0.47,7.3164
0.05,0.68,6.8323
0.46,0.38,9.4902
0.79,0.82,8.717
0.8,0.61,7.9724
0.31,0.92,10.443
0.16,0.33,6.2251
0.41,0.11,8.1215
0.84,0.52,7.0635
0.06,0.67,6.8351
0.65,0.75,10.209
0.33,0.91,10.698
0.6,0.91,11.215
0.82,0.01,5.1303
0.12,0.74,7.4943
0.87,0.13,5.0986
0,0.66,6.536
0.53,0.79,11.097
0.19,0.58,7.571
0.9,0.3,5.4951
0.63,0.9,10.945
0.37,0.39,8.8468
0.52,0.55,10.315
0.62,0.22,8.3206
0.11,0.52,6.5074
0.34,0.21,7.9993
0.49,0.73,10.943
0.2,0.69,8.1244
0.63,0.55,9.6967
0.51,0.87,11.512
0.72,0.23,7.3037
0.96,0.54,6.2637
0.56,0.44,9.6535
0.35,0.99,11.123
0.26,0.56,8.3473
0.31,0.21,7.6159
0.05,0.93,7.8132
0.92,0,4.2734
0.33,0.7,9.7033
0.34,0.04,7.1837
0.96,0.02,4.059
0.32,0.67,9.5625
0.42,0.73,10.74
0.13,0.83,7.9265
0.55,0.76,10.943
0.35,0.49,9.211
0.71,0.14,7.0524
0.62,0.37,9.0112
0.26,0.69,8.9195
0.62,0.83,10.793
0.04,0.3,5.3101
0.34,0.5,9.1198
0.55,0.45,9.6454
0.85,0.41,6.4716
0.43,0.88,11.407
0.63,0.81,10.502
0.46,0.73,10.817
0.56,0.77,10.908
0.28,0.75,9.3582
0.34,0.84,10.442
0.39,0.38,9.1488
0.87,0.91,8.2345
0.81,0.1,5.6548
0.81,0.74,8.1582
0.01,0.3,5.152
0.84,0.38,6.5233
0.56,0.87,11.299
0.33,0.82,10.228
0.66,0.59,9.3748
0.34,0.2,7.853
0.31,0.93,10.356
0.15,0.25,5.7319
0.67,0.96,10.781
0,0.01,4.0486
0.42,0.27,8.8627
0.98,0.39,5.5429
0.87,0.35,6.0383
0.49,0.52,10.178
0.01,0.84,7.4719
0.31,0.67,9.4043
0.08,0.09,4.5515
0.07,0.6,6.5908
0.22,0.15,6.2209
0.31,0.96,10.584
0.28,0.63,8.893
0.41,0.96,11.519
0.56,0.78,10.935
0.57,0.39,9.434
0.95,0.2,5.0055
0.04,0.7,6.8711
0.72,0.79,9.6893
0.29,0.48,8.5718
0.85,0.44,6.5673
0.72,0.82,9.6026
0.81,0.29,6.4677
0.27,0.67,8.9438
0.26,0.11,6.4361
0.59,0.47,9.5509
0.75,0.57,8.2468
0.21,0.24,6.4316
0.48,0.59,10.341
0.69,0.83,9.9314
0.78,0.77,8.662
0.43,0.04,8.0044
0.03,0.94,7.7462
0.38,0.05,7.6556
0.53,0.33,9.2352
0.3,0.74,9.6171
0.98,0.01,4.1267
0.56,0.74,10.914
0.67,0.71,9.8687
0.22,0.31,6.8976
0.25,0.68,8.6336
0.06,0.27,5.264
0.47,0.97,11.773
0.81,0.95,9.0909
0.48,0.89,11.536
0.04,0.99,8.0478
0.53,0.13,8.5434
0.16,0.41,6.6397
0.74,0.31,7.3491
0.29,0.6,8.924
0.69,0.13,7.2367
0.57,0.54,9.8804
0.03,0.98,7.8955
0.23,0.15,6.4793
0.57,0.01,7.9635
0.58,0.53,9.8084
0.39,0.53,9.5527
0.26,0.61,8.497
0.01,0.18,4.6913
0.83,0.88,8.5874
0.03,0.39,5.5927
0.04,0.61,6.496
0.97,0.28,5.1956
0.92,0.57,6.5323
0.35,0.61,9.6448
0.47,0.36,9.4409
0.54,0.62,10.367
0.02,0.4,5.5818
0.45,0.52,9.987
0.86,0.29,5.9299
0.18,0.61,7.5714
0.35,0.24,8.0878
0.79,0.27,6.5295
1,0.49,5.9488
0.59,0.21,8.6207
0.14,0.28,5.848
0.44,0.21,8.6179
0.18,0.67,7.8436
0.41,0.13,8.1736
0.22,0.83,8.9496
0.66,0.43,8.7546
0.79,0.14,6.0742
0.11,0.73,7.2701
0.95,0.17,4.8199
0.92,0.65,6.8185
0.44,0.48,9.6221
0.99,0.2,4.7868
0.73,0.88,9.741
0.62,0.33,8.6449
0.98,0.05,4.186
0.02,0.26,5.0939
0.38,0.99,11.353
0.29,0.3,7.5919
0.88,0.11,4.9504
0.18,0.5,7.1383
0.72,0.28,7.4448
0.12,0.35,5.9101
1,0.57,6.3024
0.31,0.11,7.1767
0.46,0.94,11.717
0.27,0.75,9.1614
0.55,0.91,11.524
0.84,0.46,6.7568
0.14,0.19,5.4994
0,0.95,7.7142
0.26,0.4,7.6425
0.35,0.54,9.401
0.99,0.74,6.9462
0.3,0.29,7.807
0.22,0.2,6.419
0.89,0.17,5.1829
0.5,0.56,10.294
0.65,0.06,7.5047
0.63,0.68,10.013
0.95,0.58,6.4443
0.46,0.74,10.867
0.71,0.96,10.394
0.05,0.36,5.4608
0.8,0.02,5.4221
0.58,0.51,9.8097
0.4,0.07,7.8273
0.38,0.55,9.6196
0.5,0.58,10.299
0.11,0.04,4.5272
0.8,0.53,7.4306
0.55,0.44,9.6245
0.25,0.05,6.2223
0.88,0.67,7.312
0.61,0.38,8.9921
0.51,0.69,10.785
0.8,0.31,6.6361
0.6,0.95,11.528
0.16,0.17,5.5689
0.59,0.4,9.2083
0.45,0.67,10.551
0.7,0.52,8.615
0.1,0.75,7.3564
0.81,0.05,5.3945
0.79,0.73,8.468
0.32,0.29,8.0591
0.05,0.63,6.5823
0.88,0.89,8.1289
0.8,0.94,9.0843
0.17,0.49,6.9302
0.15,0.95,8.604
0.46,0.86,11.316
0.59,0.91,11.385
0.09,0.55,6.4023
0.76,0.28,6.934
0.65,0.91,10.884
0.57,0.25,8.91
0.3,0.17,7.2743
0.5,0.31,9.266
0.76,0.93,9.6194
0.08,0.12,4.7211
0.06,0.39,5.7097
0,0.33,5.3125
0.41,0.54,9.8669
0.73,0.05,6.4696
0.92,0.51,6.3174
0.28,0.6,8.7977
0.23,0.42,7.5046
0.62,0.42,8.9841
0.78,0.92,9.2736
0.24,0.15,6.4314
0.62,0.71,10.317
0.64,0.24,8.2531
0.71,0.4,8.0389
0.36,0.68,10.009
0.39,0.27,8.6219
0.75,0.15,6.5706
0.69,0.71,9.5696
0.82,0.69,7.9592
0.19,0.63,7.7699
0.48,0.21,8.8417
0.46,0.54,10.123
1,0.69,6.8373
0.51,0.38,9.5695
0.24,0.21,6.6263
0.78,0.58,7.9363
0.45,0.91,11.647
0.57,0.34,9.2259
0.25,1,10.038
0.47,0.37,9.4563
0.95,0.69,6.8736
0.6,0.21,8.4481
0.99,0.18,4.7749
0.92,0.93,8.0534
0.34,0.82,10.315
0.32,0.84,10.219
0.78,0.84,8.9517
0.93,0.77,7.2917
0.13,0.46,6.4242
0.95,0.3,5.3217
0.65,0.66,9.7493
0.89,0.87,8.0259
0.47,0.93,11.532
0.94,0.65,6.7241
0.03,0.82,7.321
0.93,0.98,8.0994
0.86,0.7,7.5505
0.7,0.26,7.6501
0.08,0.34,5.5712
0.3,0.83,9.9843
0.54,0.82,11.197
0.26,0.52,8.2045
0.03,0.8,7.2174
0.15,0.65,7.4212
0.14,0.8,7.8834
0.92,0.94,7.9637
0.26,0.94,9.8583
0.82,0.95,8.9854
0.7,0.25,7.5567
0.18,0.68,7.8397
0.25,0.44,7.7021
0.05,0.95,7.9844
0.84,0.39,6.4121
0.69,0.75,9.782
0.59,0.12,8.1325
1,0.61,6.4409
0.36,0.91,10.812
0.61,0.26,8.6065
0.88,0.08,4.9451
0.48,0.62,10.497
0.96,0.26,5.0841
0.64,0.9,10.868
0.58,0.87,11.351
0.87,0.38,6.2677
0.2,0.92,9.1127
0.41,0.5,9.6387
0.89,0.33,5.7675
0.85,0.34,6.1509
0.39,0,7.5196
0.3,0.8,9.7891
0.42,0.6,10.108
0.97,0.3,5.2567
0.92,0.37,5.794
0.16,1,8.7812
0.61,0.57,9.9129
0.46,0.58,10.293
0.82,0.71,7.923
0.86,0.02,4.8698
0.8,0.81,8.6519
0.4,0.3,8.7596
0.32,0.63,9.3108
0.76,0.9,9.5094
0.31,0.89,10.346
0.66,0.1,7.5071
0.15,0.93,8.5438
0.04,0.13,4.5765
0.78,0.38,7.1348
0.28,0.07,6.6586
0.52,0.24,8.8702
0.1,0.4,6.0404
0.93,0.82,7.4702
0.08,0.36,5.7441
0.97,0.73,6.8709
0.05,0.97,8.0042
0.35,0.4,8.7486
0.37,0.03,7.4524
0.93,0.46,5.9761
0.13,0.2,5.4913
0.99,0.85,7.3157
0.3,0.79,9.6971
0.58,0.04,7.8872
0.52,0.3,9.2464
0.99,0,3.8449
0.53,0.63,10.544
0.06,0.51,6.2244
0.17,0.81,8.2998
0.88,0.19,5.3469
0.71,0.97,10.386
0.61,0.22,8.4221
0.67,0.18,7.6966
0.94,0.1,4.5369
0.62,0.14,8.0513
0.13,0.19,5.4059
0.24,0.59,8.2955
0.6,0.72,10.5
0.19,0.94,8.9816
0.68,0.12,7.2961
0.5,0.64,10.654
0.47,0.96,11.881
0.94,0,4.2415
0.22,0.39,7.1707
0.44,0.77,10.947
0.52,0.79,11.161
0.26,0.08,6.4459
0.63,0.31,8.6306
0.33,0.49,8.9345
0,0.25,4.9632
0.53,0.38,9.5311
0.8,0.32,6.7773
0.49,0.85,11.415
0.27,0.99,10.22
0.68,0.74,9.7802
0.97,0.02,4.0214
0.56,0.06,8.1632
0.55,0.61,10.375
0.32,0.41,8.4438
0.09,0.03,4.3249
0.9,0.73,7.2539
0.85,0.16,5.5127
0,0.64,6.5025
0.76,0.82,8.9907
0.5,0.33,9.355
0.85,0.62,7.2906
0.75,0.11,6.4817
0.57,0.02,7.986
0.71,0.05,6.791
0.84,0.73,7.7802
0.54,0.86,11.391
0.13,0.68,7.3339
0.22,0.71,8.459
0.53,0.01,7.997
0.06,0.22,4.916
0.4,0.26,8.6675
0.86,0.87,8.1461
0.64,0.7,9.9982
0.71,0.54,8.6719
0.62,0.58,9.751
0.76,0.37,7.3335
0.63,0.22,8.2907
0.38,0.11,7.8857
0.8,0.3,6.5851
1,0.59,6.4309
0.27,0.66,9.0155
0.42,0.8,10.985
1,0.92,7.6565
0.83,0.34,6.441
0.39,0.24,8.5163
0.06,0.89,7.6574
0.76,0.21,6.6406
0.81,0.2,6.0947
0.93,0.22,5.0089
0.27,0.16,6.9129
0.41,0.53,9.7525
0.35,0.87,10.672
0.48,0.34,9.3101
0.66,0.98,10.897
0.86,0.25,5.7304
0.72,0.32,7.5823
0.33,0.66,9.6609
0.04,0.69,6.9823
0.87,0.66,7.1398
0.92,0.62,6.6655
0.32,1,10.88
0.35,0.57,9.2837
0.33,0.68,9.798
0.5,0.73,10.963
0.09,0.51,6.3729
0.75,0.33,7.2533
0.62,0.13,7.9371
0.12,0.93,8.3314
0.29,0.44,8.2289
0.83,0.75,8.0124
0.56,0.76,11.027
0.58,0.45,9.4596
0.16,0.6,7.3606
1,0.5,6.0991
0.8,0.09,5.7405
0.85,0.32,6.0614
0.5,0.89,11.564
0.1,0.04,4.5677
0.15,0.52,6.9425
0.7,0.41,8.2457
0.25,0.1,6.4929
0.98,0.34,5.2864
0.74,0.09,6.485
0.36,0.84,10.647
0.2,0.88,8.8704
0.19,0.92,8.9489
0.31,0.08,7.0402
0.86,0.04,4.9643
0.41,0.28,8.8116
0.58,0.24,8.7432
0.65,0.24,8.1672
0.22,0.75,8.6407
0.55,0.8,11.134
0.2,0.24,6.3355
0.6,0.58,10.005
0.15,0.05,5.0523
0.5,0.37,9.4423
0.31,0.27,7.8781
0.04,0.71,6.8542
0.46,0.31,9.2451
0.02,0.85,7.4321
0.08,0.74,7.2273
0.56,0.24,8.8506
0.67,0.63,9.3933
0.82,0.64,7.775
0.08,0.38,5.7738
0.43,0.89,11.369
0.76,0.86,9.2899
0.2,0.39,6.9095
0.33,0.27,8.0106
0.9,0.85,7.7601
0.91,0.38,5.8874
0.7,0.44,8.3495
0.55,0.66,10.636
0.29,0.01,6.4773
0.85,0.1,5.262
0.86,0.1,5.1045
0.18,0.84,8.5396
0.28,0.68,9.1854
0.41,0.99,11.633
0.13,0.27,5.6361
0.44,0.61,10.35
0.74,0.96,9.8897
0.43,0.84,11.071
0.27,0.33,7.5155
0.94,0.14,4.7281
0.95,0.99,8.1146
0.09,0.52,6.4009
0.95,0.23,5.064
0.23,0.47,7.6228
0,0.73,7.0021
0.62,0.48,9.3742
0.76,0.8,9.1324
0.75,0.86,9.4435
0.61,0.68,10.231
0.55,0.17,8.556
0.81,0.88,8.8351
0.18,0.93,8.9052
0.07,0.43,5.9251
0.27,0.5,8.1724
0.41,0.69,10.507
0.4,0.42,9.2139
0.57,0.89,11.425
0.54,0.94,11.709
0.72,0.45,8.1703
0.97,0.51,6.0428
0.99,0.27,5.1275
0.29,0.03,6.6542
0.62,0.36,8.8714
0.73,0.29,7.416
0.44,0.76,10.99
0.17,0.23,6.0402
0.9,0.17,5.1818
0.99,0.48,5.9288
0.68,0.77,9.9654
0.28,0.19,7.1511
0.31,0.05,6.8663
0.55,0.25,8.8667
0.08,0.04,4.3964
0.89,0.84,7.8643
0.32,0.16,7.5227
0.58,0.93,11.504
0.85,0.78,8.0416
0.58,0.23,8.5487
0.73,0.9,9.752
0.22,0.28,6.7762
0.32,0.95,10.657
0.04,0.66,6.7783
0.28,0,6.4488
0.71,0.52,8.5741
0.62,0.21,8.3482
0.1,0.56,6.5359
0.34,0.11,7.6603
0.42,0.64,10.355
0.42,0.06,8.0905
0.12,0.38,6.0709
0.11,0.72,7.3198
0.01,0.11,4.4467
0.1,0.85,7.8105
0.78,0.24,6.5311
0.54,0.65,10.52
0.53,0.84,11.283
0.47,0.7,10.723
0.1,0.93,8.061
0.52,0.85,11.424
0.8,0.04,5.4075
0.23,0.8,9.02
0.76,0.72,8.8431
0.44,0.02,8.0019
0.48,0.29,9.1312
0.97,0.86,7.5056
0.97,0.61,6.4614
0.96,0.14,4.6743
0.55,0.51,9.95
0.2,0,5.3831
0.52,0.04,8.2669
0,0.02,3.9834
0.31,0.62,9.2491
0.08,0.4,5.7861
0.65,0.36,8.592
0.24,0.71,8.618
0.38,0.86,10.862
0.3,0.04,6.6786
0.06,0.92,7.821
0.06,0.64,6.7264
0.51,0.74,10.768
0.44,0.87,11.214
0.04,0.38,5.5707
0.81,0.06,5.4555
0.75,0.4,7.6104
0.45,0.38,9.3247
0.83,0.83,8.3205
0.53,0.4,9.5987
0.36,0.11,7.7221
0.72,0.27,7.471
0.87,0.59,7.0207
0.88,0.91,8.1797
0.93,0.79,7.3277
0.95,0.03,4.2782
0.92,0.79,7.3646
0.53,0.66,10.764
0.91,0.99,8.2341
0.24,0.65,8.5454
0.32,0.45,8.7417
0.86,0.96,8.6732
0.18,0.05,5.3906
0.05,0.76,7.1267
0.54,0.7,10.698
0.1,0.49,6.4469
0.04,0.17,4.7061
0.08,0.71,7.0558
0.89,0.66,7.1407
0.47,0.07,8.2559
0.78,0.27,6.702
0,0.3,5.219
0.96,0.16,4.7387
0.86,0.35,6.1754
0.13,0.64,7.1912
0.76,0.43,7.6453
0.02,0.93,7.8254
0.12,0.48,6.5602
0.59,0.79,10.808
0.13,0.98,8.5008
0.63,0.52,9.3803
0.76,0.16,6.4465
0.72,0.83,9.6972
0.92,0.14,4.7102
1,0.95,7.7832
0.26,0.8,9.3698
0,0.79,7.1217
0.6,0.3,8.8186
0.58,0.59,10.16
0.04,0.89,7.6827
0.74,0.52,8.2214
0.57,0.45,9.5615
0.35,0.74,10.202
0.5,0.83,11.362
0.82,0.44,6.947
0.28,0.76,9.426
0.84,0.85,8.2805
0.78,0.39,7.0852
0.77,0,5.7868
0.18,0.83,8.4769
0.17,0.98,8.9518
0.91,0.98,8.1312
0.1,0.68,7.0491
0.97,0.11,4.4282
0.37,0.51,9.3612
0.71,0.53,8.6349
0.42,0.9,11.36
0.7,0.57,8.8913
0.43,0.37,9.2993
0.19,0.85,8.7588
0,0.84,7.4571
0,0.77,6.9959
0.69,0.74,9.6535
0.49,0.53,10.032
0.98,0.32,5.3548
0.44,0.93,11.556
0.42,0.85,11.141
0.88,0.12,4.9477
0.33,0.13,7.5193
0.76,0.26,7.017
0.24,0.33,7.2861
0.58,0.6,10.125
0.66,0.09,7.4017
0.92,0.68,7.0372
0.42,0.44,9.5649
0.78,0.13,6.1136
0.81,0.4,6.8596
0.2,0.38,6.9609
0.43,0.95,11.617
0.75,0.37,7.6028
0.4,0.05,7.8646
0.14,0.91,8.4165
0.53,0.35,9.3184
0.88,0.37,5.9333
0.09,0.45,6.1642
0.22,0.06,5.968
0.25,0.62,8.524
0.62,0.93,11.22
0.9,0.68,7.0564
0.48,1,12.041
0.58,0.42,9.3974
0.21,0.08,5.8578
0.43,0.71,10.632
0.08,0.45,6.011
0.98,0.41,5.544
0.15,0.4,6.3732
0.71,0.06,6.6907
0.1,0.86,7.7423
0.36,0.75,10.295
0.78,0.32,7.0166
0.21,0.61,7.9446
0.54,0.26,8.9443
0.14,0.78,7.8648
0.63,0.48,9.1815
0.66,0.47,8.9575
0.01,0.86,7.4262
0.14,0.21,5.6426
0.52,0.35,9.3012
0.97,0.44,5.8993
0.41,0.03,7.8694
0.41,0.84,10.985
0.69,0.87,10.295
0.14,0.62,7.1529
0.73,0,6.292
0.05,0.67,6.8038
0.06,0.75,7.1188
0.09,0.68,7.0482
0.99,0.17,4.6681
0.77,0.57,7.9799
0.17,0.12,5.5666
0.1,0.15,4.9557
0.19,0.27,6.3265
0.82,0.82,8.3324
0.46,0.02,8.1345
0.47,0.6,10.396
0.54,0.43,9.651
0.66,0.48,8.9145
0.22,0.09,6.1015
0.95,0.35,5.414
0.47,0.13,8.4486
1,0,3.9954
0.07,0.3,5.3856
0.4,0.72,10.561
0.73,0.37,7.6968
0.34,0.01,7.1029
0.01,0.73,6.8952
0.49,0.16,8.6667
0.94,0.83,7.4759
0.16,0.16,5.5951
0.24,0.13,6.3549
0.46,0.33,9.227
0.82,0.43,6.7901
0.26,0.31,7.3555
0.75,0.87,9.452
0.53,0.98,11.903
0.11,0.61,6.8694
0.29,0.86,10.024
0.38,0.97,11.328
0.99,0.54,6.152
1,0.83,7.3695
0.51,0.06,8.1778
0.09,0.2,5.1179
0.74,0.87,9.7013
0.34,0.18,7.7095
0.54,0.05,8.1219
0.31,0.02,6.8898
0.93,0.78,7.3255
0.45,0.32,9.1471
0.04,0.96,7.8192
0.12,0.29,5.7731
0.99,0.46,5.8324
0.74,0.71,8.9267
0.98,0.36,5.4298
0.9,0.96,8.1273
0.64,1,11.287
0.6,0.7,10.488
0.4,0.1,7.9539
0.74,0.02,6.2316
0.41,0.45,9.5623
0.25,0.92,9.7629
0.1,0.7,7.2115
0.76,0.6,8.2831
0.65,0.35,8.5851
0.83,0.23,5.9807
0.83,0.18,5.6924
0.76,0.53,7.956
0.48,0.78,11.152
0.83,0.9,8.5481
0.59,0.17,8.3463
0.81,0.85,8.6405
0.39,0.86,10.919
0.37,0.93,11.091
0.63,0.33,8.6602
0.81,0.27,6.3988
0.54,0.33,9.2321
0.43,0.56,10.021
0.2,0.11,5.9073
0.34,0.76,10.086
0.18,0.66,7.7752
0.7,0.49,8.5468
0.67,0.33,8.2697
0.77,0.13,6.3025
0.34,0.65,9.5333
0.31,0.25,7.7082
0.73,0.53,8.4043
0.13,0.56,6.9179
0.58,0.02,7.8011
0.36,0.26,8.3683
0.63,0.15,7.9053
0.97,0.85,7.4069
0.74,0.91,9.768
0.85,0.4,6.3851
0.77,0.9,9.4301
0.57,0.4,9.4403
0.42,0.17,8.4988
0.43,0.81,11.052
0.45,0.87,11.347
0.49,0.81,11.194
0.37,0.33,8.6405
0.82,0.85,8.4999
0.81,0.96,9.0007
0.22,0.64,8.2503
0.6,0.74,10.666
0.04,0.4,5.5578
0.28,0.66,9.0311
0.28,0.78,9.5173
0.95,0.49,5.9852
0.33,0.43,8.729
0.96,0.62,6.5911
0.35,0.22,8.0363
0.35,0.51,9.1873
0.99,0.42,5.6216
0.83,0.01,5.0629
0.23,0.6,8.1524
0.07,0.27,5.3478
0.9,0.89,7.9941
0.78,0.42,7.1924
0.32,0.74,9.9065
0.5,0.88,11.537
0.07,0.37,5.7076
0.97,0.83,7.327
0.46,0.03,8.1159
0.98,0.04,4.2373
0.1,0.26,5.439
0.85,0.21,5.617
0.95,0.28,5.2201
0.81,0.09,5.5906
0.39,0.65,10.121
0.27,0.81,9.507
0.57,0.5,9.8352
0.78,0.12,6.1535
0.83,0.4,6.6857
0.62,0.81,10.715
0.49,0.87,11.451
0.51,0.37,9.4263
0.24,0.52,7.9704
0.23,0.95,9.5659
0.3,0.11,7.0468
0.4,0.99,11.544
0.89,1,8.5204
0.88,0.57,6.768
0.32,0.94,10.6
0.64,0.23,8.1553
0.69,0.97,10.592
0.29,0.85,9.9637
0.49,0.54,10.206
0.12,0.85,8.0049
0.6,1,11.539
0.2,0.74,8.309
0.66,0.57,9.2534
0.91,0.42,6.0102
0.22,0.89,9.2807
0.27,0.28,7.3993
0.48,0.97,11.858
0.48,0.12,8.416
0.59,0.83,11.114
0.67,0.8,10.127
0.94,0.25,5.1372
0.77,0.42,7.2844
0.84,0.23,5.8825
1,0.12,4.5319
0.14,0.84,8.1328
0.11,0.76,7.5546
0.69,0.54,8.8381
0.17,0.69,7.7828
0.05,0.31,5.3342
0.11,0.33,5.7703
0.59,0.56,10.019
0.63,0.73,10.286
1,0.07,4.2125
1,0.51,5.9234
0.15,0.84,8.1577
0.79,0.63,8.0219
0.52,0.21,8.7466
0.11,0.93,8.0757
0,0.51,5.9839
0.17,0.89,8.6403
0.91,0.81,7.6096
0.43,0.26,8.8846
0.41,0.16,8.2778
0.1,0.23,5.3082
0.44,0.7,10.602
0.29,0.25,7.6262
1,0.06,4.2831
0.33,0.58,9.2971
0.78,0.68,8.3101
0.52,0,8.007
0.05,0.46,5.9184
0.41,0.31,8.8769
0.77,0.03,5.8696
0.57,0.27,8.8767
0.27,0.45,8.0476
0.05,0.8,7.3203
0.66,0.44,8.87
0.47,0.49,9.8999
0.94,0.49,6.0799
0.55,0.37,9.3775
0.88,0.54,6.7663
0.46,0.09,8.2184
0.92,0.69,6.8808
0.98,0.35,5.3353
0.45,0.71,10.756
0.47,0.78,11.008
0.96,0.22,4.9052
0.09,0.88,7.9088
0.05,0.23,5.0064
0.76,0.04,5.9776
0.42,0.37,9.2363
0.81,0.93,8.8129
0.07,0,4.219
0.35,0.6,9.5482
0.1,0.13,4.9265
0.45,0.44,9.5665
0.77,0.62,8.3111
0.59,0.37,9.1822
0.07,0.9,7.6794
0.7,0.39,8.1567
0.49,0.07,8.2375
0.82,0.48,6.9983
0.82,0.14,5.7556
0.92,0.03,4.3773
0.1,0.27,5.5099
0.32,0.47,8.7956
0.4,0.88,11.179
0.55,0.82,11.111
0.09,0.54,6.5148
1,0.68,6.5976
0.08,0.47,6.2193
0.03,0,3.9733
0.41,0.86,11.072
0.54,0.24,8.8897
0.62,0.41,9.0712
0.25,0.32,7.2047
0.19,0.89,8.8639
0.04,0.35,5.4697
0.5,0.21,8.9097
0.57,0.52,9.9011
0.02,0.53,6.1065
0.67,0.01,6.9539
0.07,0.96,8.1127
0.36,0.55,9.4149
0.27,0.44,8.0225
0.69,0.56,9.0461
0.75,0.83,9.3373
0.45,0.1,8.3115
0.16,0.98,8.8003
0.22,0.1,5.9808
0.44,0.13,8.4037
0.22,0.23,6.6179
0.84,0.92,8.5924
0.3,0.85,10.075
0.92,0.5,6.2955
0.73,0.51,8.2734
0.32,0.86,10.284
0.99,0.67,6.6832
0.62,0.46,9.241
0.72,0,6.4366
0.12,0.46,6.3604
0.72,0.4,7.9132
0.54,0.8,11.074
0.18,0.92,8.8072
0.68,0.44,8.6002
0.06,0.59,6.4901
0.16,0.51,6.9687
0.67,0.34,8.3974
0.77,0.33,6.9493
0.82,0.68,7.839
0.44,1,11.813
1,0.91,7.6782
0.46,0.87,11.425
0.61,0.3,8.7645
0.55,0.13,8.3678
0.92,0.07,4.5147
0.55,0.69,10.694
0.02,0.04,4.2261
0.35,0.77,10.333
0.65,0.77,10.314
0.92,0.48,6.2004
0.34,1,11.034
0.82,0.07,5.4043
0.45,0.82,11.196
0.04,0.14,4.6038
0.97,0.33,5.3266
0.62,0.02,7.4696
0.66,0.34,8.4309
0.97,0.68,6.7966
0.81,0.16,5.8108
0.86,0.24,5.5891
0.65,0.73,10.053
0.25,0.43,7.6547
0.97,0.91,7.6413
0.71,0,6.4697
0.38,0.56,9.6294
0.1,0.9,7.8836
0.12,0.08,4.8077
0.54,0.92,11.702
0.9,0.61,6.7763
0.7,0.83,9.8805
0.55,0.62,10.395
0.92,0.83,7.5908
0.81,0.46,7.1364
0.06,0.69,6.9371
0.38,0.9,11.029
0.28,0.46,8.2327
0.3,0.41,8.2255
0.87,0.92,8.3448
0.93,0.37,5.6206
0.1,0.88,7.9029
0.39,0.26,8.4996
0.28,0.74,9.195
0.84,0.69,7.6483
0.94,0.94,7.8913
0.93,0.47,6.061
0.91,0.4,6.0018
0.57,0.2,8.5244
0.82,0.61,7.5095
0.79,0.42,7.1409
0.29,0.32,7.7324
0.69,0.06,6.9739
0.89,0.73,7.4234
0.3,0.37,8.1016
0.47,0.68,10.671
0.52,0.12,8.4863
0.74,0.38,7.652
0.7,0.69,9.4095
0.57,0.49,9.7163
0.02,0.34,5.3116
0.84,0.03,5.0394
0.38,0.71,10.332
0.9,0.72,7.2433
0.49,0.76,11.051
0.43,0.76,10.746
0.59,0.2,8.4124
0.33,0.92,10.616
0.81,0.55,7.5101
0.46,0.6,10.375
0.53,0.04,8.1236
0.58,0.91,11.286
0.06,0.8,7.3046
0.97,0.12,4.476
0.65,0.4,8.8011
0.01,0.02,4.1503
0.76,0.69,8.7017
0.25,0.64,8.5275
0.83,0.45,6.8346
0.4,0.56,9.8535
0.65,0.62,9.6194
0.02,0.81,7.242
0.72,0.02,6.4845
0.4,0.93,11.348
0,0.6,6.3794
0.46,0.15,8.6522
0.41,0,7.6746
0.01,0.05,4.2337
0.34,0.29,8.1751
0.31,0.3,7.906
0.75,0.54,8.1749
0.41,0.08,8.0413
0.14,0.87,8.2047
0.95,0.7,6.9295
0.34,0.34,8.3672
0.99,0.08,4.3227
0.93,0.94,7.9698
0.99,0.07,4.3229
0.7,0.61,9.0839
0.7,0.33,7.8388
0.92,0.35,5.6329
0.67,0.95,10.698
0.2,0.79,8.4626
0.46,0.37,9.4317
0.86,0.59,6.9335
0.09,0.91,7.9978
0.96,0.51,6.0964
0.42,0.38,9.2515
0.23,0.41,7.3574
0.56,0.38,9.4487
0.78,1,9.5894
0.03,0.38,5.56
0.83,0.09,5.4195
0.17,0.68,7.8031
0.06,0.29,5.2769
0.62,0.8,10.734
0.76,0.15,6.4845
0.64,0.81,10.602
0.61,0.18,8.3101
0.44,0.19,8.6528
0.26,0.81,9.3576
0.73,0.19,7.0421
0.13,0.26,5.7721
0.71,0.61,9.009
0.2,0.54,7.4844
0.18,0.27,6.235
0.02,0.37,5.4172
0.99,0.98,7.8162
0.8,0.15,6.0424
0.62,0.73,10.372
0.94,0.93,7.8645
0.83,0.81,8.2374
0.23,0.06,6.006
0.51,0.16,8.5668
0.56,0.89,11.308
0.77,0.26,6.8168
0.07,0.55,6.3846
0.37,0.1,7.7629
0.84,0.54,7.1601
0.7,0.4,8.2955
0.37,0.06,7.61
0.6,0.63,10.007
0.73,0.38,7.9061
0.5,0.82,11.292
0.38,0.65,10.051
0.06,0.77,7.1844
0.9,0.58,6.6554
0.67,0.36,8.4347
0.64,0.71,10.059
0.7,0.86,10.123
0.51,0.76,11.007
0.08,0.86,7.6606
0.49,0.47,9.9027
0.93,0.5,6.1715
0.98,0.6,6.386
0.61,0.6,10.031
0.6,0.37,9.1138
0.96,0.19,4.6951
0.69,0.37,8.2044
0.91,0.55,6.4938
0.24,0.78,9.0265
0.99,0.21,4.8362
0.2,0.49,7.3583
0.43,0.25,8.7076
0.94,0.68,6.786
0.97,0.64,6.5272
0.81,0.01,5.3243
0.84,0,4.8427
0.41,0.1,8.0844
0.58,0.98,11.723
0.4,0.23,8.4137
0.11,0.49,6.2898
0.08,0.98,8.1694
0.57,0.28,8.942
0.84,0.2,5.8169
0.76,0.96,9.6966
0.33,0.71,9.8266
0.96,0.7,6.829
0.97,0.48,6.0107
0.59,0.76,10.855
0.63,0.45,9.2635
0.22,0.95,9.3491
0.73,0.65,8.7975
0.25,0.89,9.4607
0.79,0.26,6.5672
0.97,0.29,5.1597
0.29,0.52,8.6479
0.14,0.81,7.9531
0.4,0.03,7.7201
0.78,0.64,8.1894
0.7,0.78,9.6314
0.95,0.81,7.33
0.93,0.55,6.3588
0.33,0.88,10.403
0.85,0.24,5.857
0.29,0.31,7.7529
0.83,0.76,8.0918
0.97,0.2,4.8372
0.71,0.71,9.3245
0.53,0.17,8.6744
0.92,0.8,7.3984
0.9,0.77,7.384
0.73,0.39,7.8086
0.72,0.46,8.2688
0.19,0.73,8.0901
0.82,0.62,7.5877
0.4,0.19,8.3909
0.43,0.65,10.272
0.49,0.9,11.667
0.07,0.52,6.3125
0.45,0.14,8.476
0.7,0.68,9.2277
0.72,0.68,9.1235
0.65,0.59,9.5301
0.95,0.34,5.4193
0.81,0.89,8.7791
0.15,0.54,7.0338
0.91,0.43,5.962
0.49,0.78,11.069
0.23,0.1,6.2403
0.11,0.63,6.938
0.23,0.89,9.2392
0.44,0.27,8.8709
0.86,0.79,7.878
0.58,0.09,8.1479
0.86,0.48,6.6512
0.2,0.44,7.2246
0.75,0.32,7.1733
0.1,0.8,7.6038
0.5,0.9,11.595
0.32,0.34,8.1225
0.54,0.51,10.036
0.18,0.34,6.5198
0.97,0.6,6.3699
0.29,0.56,8.7048
0.13,0.53,6.7521
0.49,0.56,10.197
0.1,0.77,7.5493
0.71,0.35,7.8835
0.19,0.82,8.5839
0.99,0.79,7.192
0.58,0.16,8.4413
0.72,0.91,9.9614
0.03,0.73,6.8831
0.51,0.97,11.898
0.6,0.56,9.8778
0.01,0.43,5.7083
0.66,1,11.049
0.86,0.76,7.8092
0.45,0.33,9.275
0.54,0.37,9.4661
0.59,0.92,11.306
1,0.78,7.1603
0.16,0.67,7.6139
0.69,0.82,9.9839
0.96,0.01,4.1734
0.81,0.47,7.1269
0.1,0.79,7.5856
0.46,0.17,8.5753
0.73,0.17,6.9715
0.96,0.61,6.4884
0.15,0.14,5.402
0.25,0.2,6.7962
0.1,0.58,6.6371
0.63,0.54,9.5216
0.23,0.91,9.3886
0.92,0.17,4.9412
0.87,0.76,7.5098
0.4,0.51,9.6
0.46,0.63,10.452
0.86,0.74,7.7615
0.99,0.36,5.3868
0.99,0.39,5.5194
0.83,0.25,6.0785
0.34,0.58,9.3862
0.66,0.36,8.5056
0.27,0.41,7.9386
0.63,0.02,7.4589
0.97,0.37,5.4846
1,0.7,6.8094
0.32,0.97,10.746
0.57,0.17,8.482
0.82,0.55,7.3194
0.28,0.61,8.7693
0.82,0.4,6.6647
0.43,0.7,10.648
0.52,0.39,9.5424
0.4,0.6,9.9658
1,0.13,4.5509
0.94,0.37,5.6943
0.91,0.61,6.7887
0.49,0.27,9.0989
0.95,0.83,7.4282
0.71,0.8,9.772
0.1,0.25,5.4052
0.13,0.16,5.3663
0.05,0.02,4.1528
0.07,0.09,4.5474
0.34,0.51,9.0413
0.52,0.23,8.8381
0.25,0.83,9.3885
0.37,0.86,10.958
0.63,0.85,10.778
0.93,0.01,4.1677
0.41,0.77,10.707
0.57,0.98,11.755
0.36,0.5,9.2425
0.84,0.26,5.958
0.76,0.09,6.1463
0.07,0.58,6.5121
0.39,0.1,7.9249
0.77,0.37,7.2259
0.15,0.32,5.9918
0.42,0.43,9.4332
0.11,0.22,5.3322
0.59,0.63,10.206
0.8,0.51,7.3824
0.09,0.14,4.8629
0.38,0.84,10.843
0.88,0.83,7.8978
0.22,0.34,7.0408
0.8,0.59,7.6776
0.88,0.98,8.5614
0.84,0.74,7.8534
0.38,0.31,8.7469
0.94,0.67,6.7432
0.03,0.23,4.8603
0.9,0.02,4.4814
0.07,0.28,5.2682
0.38,0.63,10.059
1,0.4,5.6041
0.39,0.82,10.812
0.4,0.96,11.477
0.56,0.47,9.7244
0.59,0.9,11.264
0.19,0.1,5.6045
0.82,0.63,7.7259
0.53,0.71,10.89
0.67,0.45,8.7873
0.68,0.1,7.2345
0.6,0.89,11.217
0.12,0.47,6.3357
0.03,0.12,4.5741
0.49,0.2,8.8074
0.83,0.15,5.653
0.14,0.47,6.7079
0.33,0.18,7.6544
0.15,0.79,7.9412
0.38,0.5,9.5112
0.55,0.63,10.336
0.28,0.11,6.7769
0.44,0.53,9.9744
0.59,0.36,9.1665
0.71,0.72,9.3427
0.48,0.71,10.725
0.41,0.9,11.327
0.5,0.62,10.467
0.03,0.19,4.7254
0.13,0.47,6.5441
0.33,0.95,10.802
0.8,0.11,5.7839
0.24,0.36,7.2915
0.18,0.11,5.6306
0.97,0.35,5.484
0.1,0.81,7.6382
0.71,0.55,8.7554
0.46,0.24,8.893
0.61,0.7,10.338
0.51,0.92,11.626
0.33,0.31,8.1555
0.52,0.11,8.5028
0.03,0.87,7.5719
0.42,0.3,9.0411
0.06,0.18,4.8776
0.62,0.05,7.6402
0.74,0.19,6.821
0.9,0.9,7.9374
0.66,0.73,9.9759
0.74,0.34,7.4539
0.52,0.95,11.774
0.07,0.21,5.011
0.3,0.62,9.1189
0.43,0.15,8.3311
0.55,0.6,10.288
0.12,0.16,5.1447
1,0.15,4.6541
0.05,0.64,6.6536
0.74,0.7,9.0077
0.76,0.19,6.5157
0.82,0.21,6.0958
0.2,0.8,8.542
0.59,0.88,11.167
0.11,0.56,6.6275
0.67,0.88,10.471
0.78,0.43,7.4172
0.91,0.94,8.1131
0.11,0.54,6.6322
0.21,0.76,8.4891
0.88,0.21,5.4116
0.69,0.8,9.9672
0.28,0.03,6.4708
0.1,0,4.3484
0.6,0.84,10.979
0.57,0.53,10.039
0.83,0.16,5.575
0.9,0.78,7.4997
0.39,1,11.571
0.94,0.44,5.9002
0.55,0.42,9.507
0.5,0.32,9.1755
0.99,0.78,7.0191
0.06,0.05,4.4496
0.56,0.65,10.482
0.66,0.14,7.5501
0.02,0.98,7.8878
0.14,0.58,7.1507
0.7,0.62,9.0989
0.24,1,9.8278
0.02,0.05,4.2608
0.75,0.39,7.5979
0.24,0.94,9.6542
0.22,0,5.6235
0.27,0.73,9.0765
0.92,0.54,6.4305
0.78,0.33,6.9638
0.34,0.64,9.7129
0.98,0,4.1924
0.37,0.69,10.101
0.37,0.79,10.421
0.06,0.41,5.7941
0.23,0.78,8.8777
0.85,0.18,5.6067
0.58,0.71,10.629
0.14,0.73,7.6337
0.1,0.73,7.3423
0.3,0.49,8.5655
0.06,0.4,5.8012
0.74,0.06,6.2845
0.27,0.46,8.027
0.58,1,11.704
0.37,0.99,11.307
0.87,0.42,6.2999
0.78,0.5,7.5563
0.89,0.82,7.8149
0.67,0.84,10.333
0.8,0.2,6.0298
0.29,0.02,6.5215
0.71,0.24,7.411
0.19,0.41,6.9404
0.72,0.07,6.581
0.44,0.67,10.525
0.55,0.55,10.03
0.11,0.05,4.5157
0.49,0.35,9.4604
0.99,0.68,6.7493
0.12,0.61,6.9832
0.13,0.18,5.3066
0.74,0.08,6.5268
0.43,0.32,8.9925
0.14,0.83,8.0131
0.59,0.25,8.6809
0.27,0.55,8.4497
0.1,0.65,6.9789
0.31,0.97,10.704
0.34,0.77,10.184
0.1,0.36,5.7664
0.75,0.61,8.4875
0.07,0.46,6.005
0.82,0.9,8.6642
0.48,0.02,8.0655
0.13,0.86,8.133
0.48,0.55,10.139
0.23,0.59,8.0697
0.5,0.98,11.866
0.53,0.82,11.24
0.95,0.91,7.6794
0.31,0.26,7.8411
0.9,0.03,4.4978
0.55,0.31,9.2201
0.4,0.04,7.7748
0.8,0.84,8.7523
0.97,0.96,7.8805
0.82,0.51,7.1887
0.69,0.18,7.424
0.81,0.53,7.3619
0.68,0.47,8.7983
0.35,0.32,8.4636
0.85,0.04,4.999
0.57,0.68,10.539
0.04,0.32,5.3722
0.14,0.37,6.2351
0.42,0.7,10.642
0.68,0.15,7.4631
0.59,1,11.734
0.91,0.12,4.8307
0.68,0.94,10.638
0.76,0.06,6.1756
0.42,0.23,8.705
0.17,0.59,7.4093
0.72,0.66,8.9613
0.47,0.79,11.103
0.42,0.15,8.3614
0.44,0.63,10.336
0.21,0.54,7.6469
0.72,0.67,9.0254
0.66,0.15,7.5827
0.59,0.97,11.575
0.52,0.52,10.075
0.27,0.3,7.4314
0.66,0.56,9.3208
0.31,0.99,10.689
0.69,0.11,7.1402
0.02,0.3,5.1985
0.64,0.97,11.076
0.8,0.77,8.374
0.68,0.96,10.695
0.26,0.1,6.479
0.26,0.02,6.1997
0.55,0.88,11.402
0.63,0.16,8.0758
0.75,0.81,9.2886
0.44,0.01,7.9242
0.58,0.66,10.422
0.74,0.76,9.1277
0.71,0.67,9.1533
0.32,0.92,10.496
0.91,0.2,5.0928
0.33,0.76,10.062
0.04,0.42,5.7842
0.5,0.97,11.774
0.72,0.08,6.7491
0.07,0.99,8.0722
0.89,0.49,6.4861
0.71,0.6,8.8599
0.51,0.14,8.4937
0.11,0,4.3889
0.75,0.08,6.3889
0.37,0.92,11.199
0.55,0.01,7.9069
0.25,0.25,6.9356
0.76,0.73,8.7932
0.34,0.42,8.7155
0.71,0.86,9.8966
0.6,0.82,10.938
0.19,0.6,7.6649
0.7,0.64,9.1648
0.63,0.12,7.8398
0.11,0.39,6.0811
0.18,0.57,7.4499
0.56,0.32,9.0909
0.09,0.12,4.7423
0.92,0.71,7.1404
0.21,0.53,7.6034
0.61,0.15,8.0453
0.23,0.3,7.0272
0.07,0.03,4.3273
0.22,0.66,8.2959
0.55,0.4,9.4714
0.66,0.03,7.1529
0.92,0.45,6.0441
0.61,0.91,11.231
0.87,0.3,5.8221
0.86,0.57,6.9864
0.14,0.5,6.7077
0.34,0.8,10.272
0.62,0.67,10.088
0.09,0.95,8.1052
0.52,0.37,9.4677
0.6,0.73,10.486
0.03,0.21,4.8724
0.37,0.34,8.6628
0.79,0.6,7.8213
0.71,0.84,9.7271
0.96,0.32,5.2439
0.81,0.45,7.0875
0.61,0.1,7.8782
0.77,0.84,9.1341
0.07,0.23,5.116
0.22,0.81,8.9849
0.64,0.14,7.8541
0.99,0.7,6.8162
0.35,0.95,11.016
0.05,0.79,7.2849
0.08,0.31,5.5029
0.38,0.89,11.02
0.91,0.95,8.1244
0.42,0.45,9.4826
0.85,0.66,7.489
0.29,0.92,10.144
0.61,0.87,10.97
0.22,0.21,6.3982
0.42,0.99,11.636
0.56,0.08,8.1484
0.26,0.54,8.2576
0.11,0.48,6.3483
0.8,0,5.3877
0.77,0.1,6.1069
0.88,0.05,4.7107
0.27,0.36,7.6983
0.18,0.22,6.0345
0.53,0.1,8.3281
0.74,0.63,8.6825
1,0.46,5.8306
0.38,0.83,10.735
0.35,0.38,8.7449
0.99,0.71,6.9138
0.39,0.18,8.2107
0.18,0,5.1299
0.44,0.15,8.3657
0.61,0.08,7.9588
0.37,0.08,7.7671
0.81,0.71,8.1047
0,0.82,7.2514
0.29,0.07,6.857
0.41,0.05,7.9185
0.41,0.65,10.291
0.42,0.42,9.4011
0.31,0.79,9.8964
0.8,0.9,8.9362
0.02,0.03,4.1529
0.51,0.8,11.299
0.68,0.16,7.4592
0.6,0.15,8.1915
0.64,0.89,10.86
0.35,0.43,8.9267
0.61,0.88,11.066
0.26,0.17,6.68
0.73,0.43,7.9699
0.44,0.56,10.134
0.82,0.45,6.954
0.99,0.88,7.478
0.8,0.72,8.2181
0.64,0.55,9.5395
0.49,0.06,8.2128
0.08,0.06,4.5139
0,0.8,7.2553
0.54,0.68,10.677
1,0.35,5.3425
0.02,0.56,6.248
0.46,0.26,9.076
0.79,0.5,7.5358
0.24,0.14,6.4386
0.29,0.05,6.6792
0.69,0.65,9.3241
0.9,0.41,6.0298
0.06,0.76,7.1539
0.76,0.7,8.6523
0.74,0.23,7.0392
0.26,0.03,6.2547
0.93,1,8.2082
0.94,1,8.1424
0.3,0.98,10.631
0.65,0.57,9.5429
0.95,0.63,6.6477
0.2,0.08,5.5541
0.59,0.7,10.494
0.98,0.64,6.5968
0.98,0.9,7.6951
0.56,0.96,11.772
0.49,0.88,11.562
0.8,0.6,7.8304
1,0.34,5.4585
0.96,0.25,5.0587
0.23,0.56,7.9262
0.95,0.96,7.8954
0.2,0.19,6.2055
0.21,0.68,8.2419
0.09,0.56,6.5443
0.22,0.69,8.4419
0.02,0.66,6.6537
0.04,0.45,5.8355
0.53,0.65,10.502
0.5,0.67,10.74
0.37,0.47,9.1928
0.46,0.12,8.3869
0.68,0.22,7.7027
0.88,0.86,7.98
0.65,0.38,8.6393
0.52,0.51,10.064
0.06,0.98,8.0894
0.14,0.98,8.6357
0.39,0.21,8.3677
0.4,0.09,8.0031
0.99,0.8,7.303
0.4,0.59,10.075
0.01,0.65,6.5682
0.95,0.78,7.2039
0.15,0.86,8.3414
0.49,0.96,11.843
0.08,0.66,6.9724
0.11,0.55,6.7163
0.29,0.14,7.072
0.39,0.57,9.8709
0.03,0.84,7.3687
0.7,0.34,7.9277
0.83,0.1,5.4258
0.04,0.72,6.9205
0.46,0.51,10.002
0.98,0.93,7.7635
0.93,0.7,6.9273
0.4,0.63,10.252
0.95,0.74,7.1014
0.7,0.45,8.3412
0.38,0.7,10.238
0.61,0.02,7.5989
0.81,0.37,6.7945
0.65,0.05,7.4297
0.24,0.31,7.0542
0.2,0.66,8.1024
0.88,0.09,4.9315
0.48,0.88,11.541
0.36,0.02,7.3598
0.54,0.47,9.79
0.01,0.57,6.3866
0.37,0.12,7.8856
0.56,0.3,9.2376
0.13,0.32,5.958
0.01,0.07,4.2999
0.01,0.04,4.2324
0.06,0.03,4.2087
0.64,0.72,10.194
0.72,0.54,8.5088
0.24,0.81,9.2609
0.35,0.69,9.9126
0.01,0.03,4.1114
1,0.36,5.4688
0.87,0.81,7.7611
0.89,0.11,4.8521
0.52,0.7,10.806
0.72,0.42,8.1176
0.7,0.22,7.5723
0.14,0.25,5.6777
0.47,0.55,10.147
0.58,0.01,7.7532
0.16,0.86,8.3751
0.66,0.07,7.1923
0.39,0.45,9.2402
0.5,0.74,11.094
0.9,0.64,6.9025
0.9,0.7,7.1793
0.86,0.06,4.9905
0.5,0.2,8.7895
0.69,0.15,7.3658
0.19,0.04,5.4325
0.88,0.64,7.1349
0.99,0.75,6.9558
0.76,0.59,8.1914
0.68,0.72,9.7648
0.4,1,11.587
0.47,0.02,7.9873
0.82,0.05,5.3176
0.8,0.27,6.5004
0.91,0.37,5.7933
0.17,0.94,8.7986
0.01,0.13,4.5486
0.23,0.63,8.3345
0.29,0.27,7.5627
0.83,0.62,7.4711
0.55,0.16,8.4883
0.87,0.84,7.8688
0.67,0.87,10.345
0.76,0.75,8.9416
0.82,0.19,5.9806
0.06,0.58,6.5064
0.01,0.56,6.2413
0.24,0.54,8.1128
0.52,0.54,10.061
0.82,0.33,6.5418
0.2,0.5,7.3228
0.5,0.79,11.13
0.91,0.36,5.608
0.45,0,7.932
0.34,0.41,8.752
0.56,0.2,8.6682
0.91,0.71,7.2285
0.07,0.44,5.8879
0.26,0.9,9.8227
0.43,0.59,10.228
0.79,0.88,8.9914
0.67,0.7,9.7909
0.07,0.08,4.5661
1,0.73,6.9185
0.52,0.34,9.2597
0.73,0.09,6.6357
0.08,0.19,5.0922
0.16,0.66,7.5651
0.54,0.01,8.0444
0.73,0.74,9.2177
0.91,0.31,5.5293
0.42,0.34,9.2214
0.45,0.42,9.5638
0.13,0.87,8.0864
0.22,0.32,6.8979
0.44,0.41,9.5755
0.76,0.49,7.8582
0.44,0.44,9.6113
0.14,0.96,8.589
0.12,0.57,6.8575
0.77,0.53,7.8161
0.14,0.9,8.32
0.58,0.88,11.306
0.85,0.91,8.358
0.27,0.17,7.0019
0.02,0.5,6.1557
0.77,0.68,8.3665
0,0.05,4.1828
0.4,0.25,8.6493
0.83,0.8,8.2398
0,0,3.9727
0.89,0.78,7.6299
0.6,0.79,10.816
0.37,0.24,8.3688
0.38,0.49,9.4553
0.95,0.09,4.3762
0.94,0.39,5.7546
0.73,0.46,8.0734
0.48,0.37,9.4335
0.97,0.25,5.0342
0.6,0.31,8.8417
0.46,1,11.878
0.17,0.7,7.8795
0.93,0.38,5.7183
0.06,0.08,4.4645
0.63,0.29,8.585
0.4,0.16,8.263
0.21,0.18,6.2732
0.55,0.08,8.2173
0.49,0.13,8.5166
0.92,0.31,5.4073
0.57,0.51,9.9176
0.77,0.3,6.9316
0.44,0.09,8.2172
0.4,0.74,10.521
0.33,0.65,9.5928
0.55,0.84,11.305
0.58,0,7.7343
0.09,0.15,4.8835
0.67,0.2,7.7414
0.38,0.34,8.7623
0.15,0.36,6.236
0.68,0.62,9.2874
0.79,0.36,7.0439
0.42,0,7.7598
0.83,0.02,5.1852
0,0.43,5.7079
0.23,0.96,9.6603
0.59,0.04,7.8069
0.34,0.38,8.5693
0.91,0.27,5.3827
0.65,0.41,8.8242
0.18,0.01,5.1098
0.9,0.24,5.3586
0.9,0.92,8.1064
0.3,0.06,6.7775
0.93,0.45,5.9968
0.22,0.03,5.8375
0.65,0.64,9.7019
0.1,0.89,7.9755
0.38,0.75,10.472
0.22,0.61,8.004
0.83,0.31,6.2566
0.17,0.32,6.3344
0.94,0.91,7.834
0.15,0.7,7.5728
0.89,0.58,6.8025
0.69,0.89,10.331
0.17,0.61,7.3917
0.87,0.17,5.2515
0.44,0.96,11.713
0.36,0.96,11.138
0.73,0.59,8.7068
0.15,0.6,7.2459
0.52,0.14,8.5233
0.01,0.41,5.6665
0.36,0.12,7.8036
0.09,0.23,5.257
0.6,0.67,10.271
0.42,0.66,10.398
0.27,0.29,7.4233
0.3,0.46,8.3804
0.6,0.34,8.9212
0.31,0.8,9.8947
0.67,0.44,8.7732
0.03,0.04,4.266
0.67,0.91,10.582
0.78,0.16,6.2644
0.94,0.64,6.6725
0.57,0.48,9.6821
0.6,0.94,11.419
0.22,0.42,7.327
0.97,0.16,4.713
0.71,0.45,8.2455
0.74,0,6.0709
0.4,0.47,9.4866
0.57,0.18,8.4866
0.41,0.37,9.1959
0.99,0.66,6.4252
0.37,0.77,10.411
0.33,0.96,10.82
0.85,0.57,7.0455
0.13,0.49,6.693
0.19,0.75,8.263
0.6,0.85,11.014
0.82,0.93,8.9244
0,0.32,5.2809
0.2,0.56,7.5591
0.31,0.66,9.3265
0.23,0.7,8.6241
0.14,0.95,8.4838
0.4,0.66,10.237
0.37,0.78,10.446
0.74,0.56,8.4135
0.19,0.06,5.5259
0.37,0.35,8.8238
0.24,0.91,9.4708
1,0.09,4.3638
0.29,0.41,8.1789
0.22,0.62,8.1111
0.38,0.85,10.881
0.31,0.15,7.3796
0.24,0.03,6.1291
0.86,0.81,7.9732
0.82,0.36,6.6115
0.67,0.46,8.8023
0.99,0.53,6.0795
0.28,0.77,9.4515
0.4,0.61,10.125
0.37,0.54,9.5704
0.13,0.36,6.0329
0.8,0.57,7.6793
0.49,0.4,9.7314
0.09,0.66,7.0374
0.33,0.93,10.58
0.73,0.2,7.0579
0.01,0.45,5.8697
0.11,0.62,7.0334
0.91,0.96,8.1112
0.67,0.13,7.5012
0.17,0.04,5.1444
0.77,1,9.6218
0.67,0.07,7.197
0.57,0.03,8.0282
0.39,0.58,9.8304
0.6,0.83,10.801
0.76,0.13,6.4138
0.58,0.35,9.165
0.61,0.48,9.3976
0.11,0.21,5.2539
0.01,1,8.0138
0.05,0.22,5.0226
0.32,0.42,8.5269
0.64,0.47,9.1022
0.3,0.66,9.2514
0.75,0.7,8.7082
0.13,0.38,6.1102
0.95,0.86,7.4682
0.66,0.35,8.327
0.01,0.35,5.3347
0.8,0.4,6.919
0.61,0.82,10.862
0.65,0.23,8.1483
0.93,0.29,5.4409
0.7,0.7,9.4136
0.53,0.64,10.491
0.26,0.64,8.5314
0.36,0.41,8.9528
0.43,0.69,10.426
0.22,0.7,8.4147
0.88,0.04,4.6928
0.9,0.63,6.8655
0.43,0.22,8.7973
0.54,0.63,10.474
0.81,0.02,5.2926
0.03,0.33,5.2494
0.88,0.32,5.8028
0.15,0.19,5.7357
0.9,0.62,6.8991
0.7,0.23,7.5194
0.06,0.47,6.0199
0.8,0.67,7.9933
0.46,0.61,10.413
0.9,0.11,4.826
0.23,0.98,9.696
0.26,0.29,7.3496
0.68,1,10.956
0.11,0.29,5.5365
0.3,0.97,10.671
0.12,0.56,6.7828
0.22,0.56,7.9478
0.87,0.69,7.2322
0.92,0.22,5.0788
0.02,0.1,4.3481
0.13,0.08,4.8001
0.25,0.84,9.371
0.04,0.6,6.4559
0.54,0.17,8.559
0.91,0.67,6.9291
0.19,0.22,6.2286
0.6,0.39,9.2091
0.47,0.18,8.6251
0.39,0.25,8.5589
0.02,0.11,4.473
0.04,0.67,6.7859
0.21,0.94,9.2165
0.47,0.69,10.679
0.4,0.65,10.307
0.89,0.43,6.2145
0.29,0.23,7.4664
0.41,0.39,9.1378
0.96,0.98,8.0336
0.08,0.24,5.2662
0.24,0.73,8.8866
0.79,0.31,6.7811
0.87,0.56,6.9031
0.5,0.91,11.627
0.2,0.25,6.4137
0.27,0.82,9.5482
0.14,0.42,6.3933
0.51,0.75,11.052
0.04,0.64,6.7274
0.21,0.83,8.8283
0.65,0.94,10.906
0.03,0.85,7.4339
0.11,0.37,5.9672
0.72,0.86,9.8287
0.19,0.23,6.1855
0.83,0.43,6.7156
0.53,0.28,9.1647
0.9,0.2,5.1416
0.2,0.04,5.4787
0.46,0.4,9.5487
0.16,0.53,6.9838
0.77,0.2,6.5347
0.56,0.37,9.4116
0.19,0.19,6.0323
0.19,0.86,8.7547
0.87,0.82,7.9249
0.69,0.53,8.7906
0.77,0.35,7.1134
0.16,0.19,5.5371
0.24,0.89,9.4705
0.89,0.7,7.2516
0.66,0.37,8.514
0.21,0.62,8.105
0.5,0.81,11.379
0.06,0.5,6.1439
0.11,0.08,4.8026
0.93,0.67,6.9081
0.54,0.12,8.4549
0.48,0.07,8.373
0.9,0.75,7.338
0.68,0.63,9.3153
0.14,0.41,6.3397
0.83,0.3,6.2322
0.23,0.05,5.9508
0.01,0.19,4.6968
0,1,7.9554
0.25,0.71,8.8774
0.78,0.76,8.6615
0.58,0.69,10.445
0.14,0.74,7.5417
0.59,0.32,8.9611
0.83,0.33,6.3421
0.25,0.6,8.4313
0.39,0.61,10.011
0.92,0.24,5.1975
0.91,0.25,5.2832
0.47,0.52,10.048
0.63,0.47,9.2832
0.67,0.77,9.9957
0.53,0.55,10.153
0.53,0.48,9.9143
0.51,0.31,9.1851
0.03,0.65,6.5882
0.67,0.51,8.9483
0.6,0.32,8.8567
0.78,0.74,8.7099
0.77,0.77,8.845
0.69,0.4,8.2884
0.27,0.15,6.6284
0.49,0.34,9.3501
0.43,0.13,8.3052
0.92,0.76,7.3333
0.27,0.62,8.7398
0.72,0.76,9.3704
0.48,0.49,9.8841
0.79,0.67,8.1868
0.48,0.63,10.414
0.88,0.74,7.5623
0.14,0.08,5.0422
0.8,0.41,7.0569
0.27,0.48,8.1336
0.39,0.46,9.3667
0.03,0.76,6.9904
0.02,0.16,4.5957
0.42,0.81,11.086
0.54,0.28,8.9932
0.86,0.54,6.7924
0.17,0.19,5.7511
0.67,0.92,10.681
0.21,0.98,9.4629
0.97,0.78,7.1722
0.1,0.37,5.8991
0.77,0.83,8.9726
0.83,0.94,8.7936
0.6,0.07,7.9342
0.48,0.03,8.0689
0.07,0.48,6.0664
0.58,0.74,10.784
0.92,0.36,5.6597
0.7,0.11,7.0156
0.09,0.49,6.243
0.7,0.09,6.9841
0.29,0.79,9.6598
0.84,0.22,5.8043
0.73,0.25,7.2308
0.18,0.4,6.6527
0.51,0.41,9.6193
0.51,0.78,11.092
0.15,0.17,5.4852
0.32,0.58,9.1677
1,0.74,6.9262
0.29,0.67,9.0717
0.53,0.91,11.514
0.64,0.57,9.6373
0.7,0.31,7.8293
0.15,0.35,6.1116
0.85,0.42,6.4862
0.27,1,10.371
0.05,0.89,7.6837
0.45,0.16,8.6419
0.38,0.22,8.3478
0.25,0.23,6.8914
0.18,0.91,8.7113
0.95,0.57,6.3634
1,0.11,4.6094
0.25,0.79,9.2415
0.09,0.83,7.6594
0.93,0.34,5.5918
0.68,0.21,7.6955
0.68,0.53,9.0061
0.26,1,10.16
0.3,0.56,8.824
0.22,0.37,7.1566
0.05,0.08,4.4271
0.94,0.38,5.6917
0.03,0.7,6.7837
0.96,0.43,5.7887
0.07,0.18,4.9528
0.76,0.85,9.4024
0.41,0.46,9.4802
0.03,0.95,7.844
0.52,0.47,9.972
0.06,0.63,6.6465
0.68,0.36,8.2272
0.71,0.64,9.0047
0.71,0.88,9.9447
0.55,0.78,10.895
0.01,0.94,7.7596
0.11,0.69,7.1587
0.55,0.95,11.681
0.88,0.07,4.8229
0.63,0.86,10.742
0.91,0.54,6.3882
0.77,0.78,8.8894
0.39,0.67,10.263
0.46,0.71,10.794
0.33,0.25,7.9908
0.12,0.18,5.2483
0.28,0.37,7.8602
0.37,0.87,10.822
0.09,0.64,6.9245
0.26,0.36,7.5665
0,0.42,5.7897
0.42,0.55,9.9619
0.06,0.31,5.3365
0.86,0.3,5.9274
0.6,0.64,10.147
0.96,0.21,4.8871
0.13,0.78,7.7582
0.16,0.04,5.0951
0.02,0.29,5.1231
0.84,0.65,7.476
0.45,0.45,9.7438
0.68,0.17,7.5368
0.18,0.17,5.881
1,0.67,6.6763
0.63,0.43,9.0879
0.68,0.14,7.4272
0.82,0.86,8.6121
0.97,0.56,6.2628
0.32,0.5,8.8219
0.65,0.81,10.435
0.62,0.68,10.14
0.73,0.18,6.8832
0.27,0.43,7.9181
0.71,0.69,9.2703
0.31,0.52,8.86
0.8,0.87,8.8304
0.99,0.65,6.6684
0.28,0.84,9.7562
0.85,0.69,7.5613
0.55,0.81,11.124
0.15,0.92,8.5015
0.11,0.46,6.2405
0.52,0.02,8.1037
0.59,0.62,10.26
0.34,0.68,9.8214
0.57,0.77,10.911
0.38,0.23,8.4047
0.12,0.71,7.3488
0.93,0.73,7.1484
0.89,0.23,5.3956
0,0.13,4.5412
0.2,0.02,5.475
0.89,0.88,8.0083
0.18,0.82,8.3922
0.17,0.13,5.5655
0.93,0.89,7.7056
0,0.31,5.2155
0.72,0.18,7.1291
0.89,0.83,7.7964
0.49,0.51,10.054
0.86,0.11,5.1335
0.33,0.45,8.7762
0.28,0.26,7.4381
0.8,0.28,6.4398
0.36,0.32,8.6242
0.99,0.23,4.8588
0.03,0.54,6.1155
0.43,0.52,9.9762
0.99,0.09,4.3128
0.46,0.96,11.744
0.35,0.81,10.468
0.89,0.36,5.8638
0.28,0.33,7.6899
0.19,0.43,7.0029
0.85,0.58,7.1057
0.6,0.03,7.7699
0.3,0.89,10.115
0.15,0.91,8.4368
0.57,0.33,9.1509
0.26,0.28,7.2153
0.29,0.81,9.6436
0.4,0.46,9.4703
0.94,0.62,6.5506
0.07,0.59,6.6001
0.7,0.95,10.36
0.3,0.4,8.2179
0.67,0.08,7.3144
0.52,0.05,8.1925
0.56,0.61,10.251
0.54,0.04,8.1141
0.48,0.7,10.812
0.92,0.74,7.2404
0.24,0.19,6.6552
0.03,0.02,4.1431
0.89,0.22,5.4242
0.68,0.91,10.59
0.95,0.32,5.3168
0.35,0.04,7.3129
0.09,0.33,5.8028
0.91,0.01,4.3067
0.44,0.38,9.3447
0.86,0.82,7.9825
0.36,0.6,9.6431
0,0.09,4.4453
0.97,0.27,5.0543
0.07,0.2,4.954
0.24,0.47,7.735
0.76,0.47,7.7742
0.85,0.93,8.5264
0.04,0.27,4.9833
0.64,0.51,9.3009
0.2,0.59,7.7427
0.97,0.21,4.8198
0.92,0.06,4.4809
0.71,0.63,8.9993
0.49,0.39,9.5591
0.12,0.04,4.6753
0.05,0.65,6.6628
0.01,0.33,5.3167
0.78,0.4,7.2974
0.38,0.12,7.8828
0.41,0.85,11.031
0.12,0.96,8.4832
0.16,0.9,8.5664
0.99,0.82,7.3343
0.94,0.35,5.5777
0.14,0.16,5.3868
0.08,0.78,7.3266
0.28,0.65,8.9375
0.54,0.78,11.033
0.91,0.47,6.2451
0.36,0.77,10.37
0.43,0.79,10.977
0,0.48,5.9463
0,0.5,5.9904
0.34,0.6,9.5868
0.54,0,8.0328
0.01,0.98,7.9681
0.26,0.59,8.4328
0.95,0.72,6.842
0.79,0.02,5.5406
0.67,0.59,9.3943
0.94,0.81,7.3913
0.89,0.93,8.1649
0.73,0.08,6.5226
0.19,0.37,6.7634
0.5,0.05,8.2454
0.63,0.26,8.3031
0.56,1,11.918
0.09,0.65,6.9359
0.19,1,9.2662
0.84,0.56,7.2249
0.24,0.02,6.0406
0.49,0.04,8.2806
0.89,0.71,7.3258
0.14,0.92,8.3553
0.47,0.84,11.274
0.9,0.26,5.4057
0.23,0.52,7.7625
0.11,0.07,4.6978
0.65,0.58,9.4813
0.73,0.6,8.7719
0.13,0.21,5.459
0.56,0.62,10.42
0.74,0.3,7.4762
0.52,0.42,9.6792
0.89,0.44,6.2471
0.08,0.27,5.3107
0.89,0.74,7.5243
0.55,0.92,11.583
0.27,0.31,7.4779
0.82,0.12,5.6557
0.36,0.87,10.837
0.58,0.25,8.8133
0.49,0.28,9.1546
0.31,0.07,7.1491
0.73,0.4,7.8088
0.24,0.84,9.3667
0.28,0.04,6.5067
0.49,0,8.0764
0.35,0.3,8.3781
0.7,0.47,8.5684
0.49,0.38,9.5281
0.26,0.96,10.099
0.35,0.76,10.205
0.73,0.64,8.8391
0.02,0.75,7.0586
0.06,0.78,7.254
0.58,0.15,8.3293
0.16,0.83,8.4043
0.4,0.97,11.464
0.72,0.31,7.5851
0.31,0.98,10.674
0.93,0.4,5.7618
0.22,0.38,7.11
0.45,0.88,11.496
0.84,0.21,5.886
0.27,0.95,10.02
0.47,0.23,8.8507
0.94,0.85,7.5389
0.48,0.72,10.876
0.94,0.69,6.8819
0.19,0.99,9.296
0.43,0.05,7.9886
0,0.34,5.3007
0.68,0.98,10.703
0.92,0.47,6.1362
0.67,0.47,8.8137
0.93,0.9,7.8144
0.35,0.13,7.7084
0.06,0.15,4.8836
0.13,0.37,6.1497
0.69,0.66,9.3758
0.4,0.64,10.155
0.86,0.83,8.025
0.65,0.04,7.3469
0.11,0.94,8.1795
0.22,0.86,9.0501
0.65,0.98,11.101
0.51,0.53,10.146
0.02,0.14,4.575
0.09,0.38,5.922
0.07,0.83,7.4574
0.68,0,6.8701
0.77,0.82,9.0096
0.63,0.8,10.57
0.42,0.74,10.689
0.66,0.42,8.6795
0.45,0.09,8.2824
0.66,0.27,8.1112
0.56,0.01,7.8413
0.41,0.83,11.033
0.98,0.55,6.2612
0.63,0.4,9.0247
0.31,0.61,9.2125
0.58,0.73,10.559
0.6,0.5,9.6264
0.68,0.45,8.6085
0.27,0.79,9.4141
0.33,0.81,10.254
0.86,0.13,5.1722
0.06,0.96,8.01
0.53,1,11.88
0.7,0.88,10.14
0.9,0.42,5.9184
0.91,0.8,7.5199
0.97,0.18,4.7108
0.22,0.07,5.8347
0.03,0.35,5.4059
0.39,0.92,11.286
0.84,0.94,8.6168
0.69,0.41,8.3407
0.82,0.08,5.5048
0.29,0.82,9.7405
0.86,0.46,6.5327
0.01,0.85,7.3889
0.74,0.46,8.0243
0.78,0.66,8.2241
0.64,0.32,8.5261
0.44,0.32,9.11
0.32,0.8,9.9992
0.03,0.42,5.6964
0.84,0.41,6.6103
0.83,0.44,6.8566
0.46,0.25,9.0235
0.26,0.72,9.0717
0.73,0.42,7.9958
0.15,0.37,6.2803
0.11,0.38,6.0095
0.49,0.21,8.8443
0.73,0.67,8.9635
0.74,0.86,9.5383
0.41,0.15,8.3563
0.6,0.4,9.2961
0.91,0.13,4.7741
0.59,0.98,11.624
0.96,0.48,5.9836
0,0.07,4.219
0.44,0.65,10.358
0.72,0.26,7.5088
0.9,0.25,5.3384
0.91,0.84,7.6224
0.33,0.94,10.693
0.92,0.61,6.7083
0.5,0.4,9.5468
0.49,0.08,8.3531
0.55,0.58,10.154
0.47,0.09,8.2861
0.61,0.93,11.286
0.42,0.07,8.0363
0.07,0.8,7.4151
0.77,0.54,7.9174
0.69,0.9,10.278
0.36,0.71,10.006
0.79,0.62,8.0444
0.85,0.64,7.3735
0.94,0.07,4.3164
0.95,0.68,6.8159
0.02,0.91,7.7031
0.78,0.05,5.7857
0.9,0.28,5.4974
0.82,0.18,5.8346
0.21,0.57,7.8177
0.37,0.68,10.065
0.28,0.49,8.369
0.64,0.39,8.848
0.43,0.97,11.694
0.74,0.21,6.8894
0.65,0.6,9.5605
0.02,0.61,6.4611
0.56,0.49,9.7873
1,0.81,7.2375
0.43,0.45,9.6082
0.48,0.81,11.324
0.03,0.6,6.464
0.4,0.13,8.1376
0.71,0.18,7.202
0.89,0.41,6.0661
0.26,0.67,8.7897
0.81,0.9,8.8216
0.88,0.55,6.8038
0.97,0.87,7.4379
0.6,0.71,10.513
0.89,0.77,7.4848
0.04,0.29,5.2456
0.88,0.39,6.0305
0.73,0.93,9.935
0.95,0.77,7.1633
0.99,0.86,7.3848
0.47,0.17,8.5741
0.65,0.46,9.0059
0.24,0.75,8.828
0.96,0.09,4.4962
0.93,0.97,8.0918
0.27,0.68,9.0067
0.4,0.41,9.1802
0.65,0.2,7.9436
0.9,0.6,6.9384
0.57,0.97,11.77
0.68,0.88,10.446
0.78,0,5.6367
0.22,0.63,8.1234
0.29,0.97,10.416
0.13,0.35,5.9893
0.85,0.43,6.5533
0.88,0.53,6.6199
0.62,0.39,8.9216
0.44,0.12,8.3774
0.68,0.68,9.4894
0.96,0.29,5.3033
0.65,0.49,9.1593
0.82,0.38,6.667
0.72,0.53,8.5212
0.52,0.01,8.1177
0.61,0.35,9.0436
0.85,0.82,8.1617
0.62,0.6,9.8368
0.04,0.39,5.5985
0.65,0.52,9.2714
0.62,0.53,9.67
0.74,0.11,6.4828
0.66,0.64,9.5901
0.97,0.52,6.1203
0.29,0.06,6.6438
0.29,0.24,7.5113
0.31,0.49,8.7273
0.82,0.87,8.6092
0.4,0.77,10.622
0.78,0.69,8.4881
0,0.54,6.1583
0.41,0.64,10.304
0.38,0.48,9.3227
0.84,1,8.9549
0.01,0.36,5.4014
0.77,0.99,9.7185
0.02,0.36,5.4817
0.04,1,8.1385
0.37,0.72,10.187
0.87,0.72,7.5093
0.76,0.24,6.8133
0.08,0.1,4.6999
0.23,0.51,7.8258
0.58,0.75,10.634
0.22,0.88,9.1581
0.15,0.96,8.642
0.41,0.6,10.105
0.33,0.77,10.04
0.68,0.04,7.0582
0.22,0.24,6.6221
0.84,0.68,7.6417
0.3,0.33,7.9332
0.67,0.72,9.8947
0.63,0.74,10.283
0.49,0.66,10.587
0.03,0.32,5.322
0.86,0.91,8.3164
0.15,0.16,5.4397
0.07,0.79,7.338
0,0.87,7.4954
0.21,0.59,7.8998
0.85,0.92,8.4788
0,0.96,7.8684
0.84,0.83,8.3276
0.7,0.87,9.9992
0.33,0.89,10.506
0.93,0.52,6.3072
0.32,0.11,7.2318
0.52,0.19,8.5539
0.48,0.17,8.6761
0.84,0.55,7.0938
0.37,0.97,11.246
0.4,0.67,10.308
0.11,0.31,5.5615
0.13,0.74,7.6069
0.7,0.01,6.732
0.57,0.1,8.2394
0.89,0.25,5.4128
0.63,0.08,7.638
0.09,0.63,6.8878
0.64,0.34,8.6839
0.25,0,5.9941
0.53,0.73,10.909
0.48,0.08,8.307
0.41,0.21,8.5941
0.26,0.46,8.0535
0.15,0.41,6.4828
0.14,0.94,8.5578
0.72,0.8,9.5023
0.71,0.65,8.9851
0.29,0.1,6.9364
0.06,0.88,7.6529
0.44,0.57,10.176
0.05,0.18,4.8223
0.78,0.31,6.8468
0.67,0.38,8.5701
0.36,0.76,10.311
0.98,0.46,5.8541
0.92,1,8.1875
0.13,0.09,5.0803
0.99,0.29,5.1547
0.38,0.27,8.4891
0.05,0.43,5.8147
0.51,0.88,11.527
0.13,0.76,7.6554
0.36,0.29,8.4732
0.79,0.61,7.8906
0.15,0.3,6.0334
0.12,0.21,5.4241
0.46,0.45,9.6844
0.64,0.09,7.6338
0.59,0.99,11.606
0.5,0.27,9.026
0.95,0.31,5.3226
0.32,0.9,10.373
0.38,0.18,8.2364
0.16,0.82,8.2013
0.51,0.64,10.582
0.68,0.25,7.7206
0.78,0.52,7.8356
0.7,0.04,6.7424
0.26,0.19,6.9135
0.73,0.95,10.121
0.89,0.64,6.9502
0.13,0.15,5.3072
0.23,0.57,8.0619
0.36,0.36,8.5641
0.4,0.68,10.402
0.23,0.75,8.7594
0.45,0.53,10.021
0.22,0.44,7.3816
0.63,0.92,11.11
0.09,0.76,7.2312
0.46,0.7,10.771
0.01,0.27,5.0958
0.94,0.82,7.3246
0.58,0.5,9.8513
0.12,0.92,8.2802
0.94,0.29,5.3472
0.46,0.68,10.652
0.93,0.69,6.9082
0.52,0.76,11.039
0.86,0.71,7.5675
0.03,0.61,6.4552
0.37,0.65,9.9469
0.83,0.85,8.4736
0.92,0.15,4.7857
0.37,0.56,9.6081
0.3,0.84,9.9443
0.05,0.77,7.2279
0.52,0.38,9.5046
0.64,0.48,9.2296
0.73,0.3,7.5483
0.05,0.21,4.8413
0.55,0.23,8.8682
0.13,0.88,8.2636
0.13,0.93,8.3005
0.55,0.28,9.0671
0.69,0.19,7.4926
0.7,0.67,9.3595
0.19,0.95,9.149
0.54,0.06,8.2637
0.64,0.02,7.3666
0.77,0.06,5.9798
0.82,0.22,5.9047
0.95,0.04,4.2804
0.51,0.94,11.631
0.21,0.87,8.9606
0.45,0.28,9.0567
0.5,0.55,10.189
0.36,0.8,10.42
0.61,0,7.4567
0.94,0.43,5.9025
0.25,0.77,9.0816
0.85,0.53,6.9987
0.55,0.35,9.2595
0.28,0.38,7.7907
0.43,0.44,9.5464
0.15,0.83,8.1566
0.47,0.9,11.528
0.35,0.75,10.163
0.35,0.56,9.3878
0.74,0.97,9.9785
0.45,0.72,10.787
0.47,0.67,10.663
0.78,0.09,5.9495
0.24,0.95,9.7332
0.99,0.3,5.2396
0.35,0.2,7.9526
0.55,0.64,10.444
0.64,0.49,9.2231
0.46,0.36,9.3496
0.86,0.01,4.7313
0.19,0.97,9.088
0.06,0.36,5.5818
0.42,0.77,10.792
0.67,0.24,7.9425
0.64,0.84,10.593
0.46,0.92,11.661
0.47,0.86,11.573
0.71,0.94,10.191
0.33,0.98,10.947
0.31,0.5,8.7374
0.59,0.16,8.3047
0.32,0.17,7.5477
0.89,0.59,6.7527
0.39,0.06,7.8873
0.89,0.76,7.6109
0.97,0.24,5.0373
0.11,0.47,6.3453
0.27,0.19,7.0411
0.93,0.41,5.7902
0.15,0.47,6.7287
0.95,0.24,5.0567
0.67,0.49,9.0411
0.4,0.38,9.2192
0.46,0.9,11.584
0.07,0.81,7.4381
0.31,0.13,7.1748
0.37,0.46,9.2772
0.45,0.2,8.7734
0.85,0.96,8.7458
0.88,0.48,6.4178
0.11,0.35,5.858
0.42,0.25,8.7844
0.18,0.03,5.2184
0.9,0.99,8.264
0.38,0.69,10.33
0.75,0.1,6.3137
0.72,0.61,8.9014
0.37,0.98,11.307
0.05,0.83,7.3222
0.19,0.62,7.6861
0.02,0.17,4.7274
0.21,0.42,7.2194
0.66,0.26,8.0645
0.55,0.67,10.667
0.06,0.13,4.6986
0.08,0.01,4.2067
0.09,0,4.2709
0.5,0.95,11.676
0.27,0.94,10.004
0.55,0.73,10.823
0.29,0.98,10.541
0.55,0.98,11.863
0.23,0.83,9.0519
0.12,0.14,5.075
0.55,0.3,9.0163
0.22,0.93,9.3678
0.3,0.61,9.0965
0.23,0.46,7.5476
0.34,0.32,8.2928
0.83,0.29,6.25
0.71,0.15,6.9445
0.63,0.76,10.52
0.36,0.21,8.1071
0.41,0.01,7.8146
0.05,0.4,5.7086
0.37,0.04,7.5597
0.14,0.72,7.7438
0.61,0.19,8.3116
0.89,0.52,6.6019
0.79,0.57,7.7994
0.79,0.91,9.137
0.93,0,4.1572
0.82,0.73,8.1056
0.41,0.04,7.7633
0.16,0.36,6.3187
0.83,0.72,7.9072
0.77,0.39,7.3481
0.25,0.61,8.4646
0.81,0.18,5.9682
0.12,0.36,6.0703
0.21,0.07,5.8092
0.41,0.75,10.638
0.25,0.39,7.5573
0.84,0.28,6.0643
0.6,0.77,10.793
0.19,0.8,8.4722
0.47,0.21,8.8521
0.14,0.13,5.2374
0.87,0.65,7.327
0.7,0.38,8.0866
0.71,1,10.449
0.05,0.29,5.2712
0.65,0.34,8.564
0,0.53,6.0955
0.22,0.52,7.7806
0.9,1,8.4304
0.13,0.1,4.9895
0.03,0.68,6.7663
0.25,0.81,9.2154
0.58,0.8,10.905
0.32,0.02,6.909
0.31,0.24,7.7153
0.47,0.8,11.118
0.36,0.63,9.8161
0.12,0.54,6.6679
0.8,0.03,5.54
0.61,0.62,9.9515
0.98,0.88,7.477
0.13,0.99,8.7069
0.1,1,8.353
0.51,0.15,8.6518
0.28,0.05,6.5771
0.28,0.41,7.9937
0.5,0.48,9.8116
0.18,0.75,8.0685
0.08,0.6,6.7086
0.46,0.8,11.095
0.14,0.53,6.7727
0.86,0.72,7.5969
0.21,0.91,9.2042
0.09,0.27,5.4214
0.17,0.6,7.4511
0.16,0.4,6.516
0.85,0.55,6.9388
0.67,0.55,9.1556
0.29,0.36,8.0326
0.44,0.29,9.117
0.46,0.04,8.0852
0.87,0.74,7.6691
0.21,0.78,8.6774
0.38,0.78,10.679
0.93,0.75,7.1873
0.25,0.4,7.6566
0.57,0.69,10.648
0.05,0.15,4.6527
0.61,0.59,9.9963
0.57,0.38,9.3425
0.98,0.51,6.0207
0.17,0.96,8.7591
0.79,0.98,9.4471
0.48,0.28,9.0643
0.24,0.88,9.3468
0.51,0.11,8.4301
0.73,0.99,10.186
0.55,0.47,9.8596
0.84,0.29,5.9813
0.23,0.71,8.5205
0.48,0.65,10.492
0.34,0.73,9.9774
0.62,0.7,10.079
0.09,0.01,4.2981
0.36,0.38,8.8243
0.02,0.44,5.717
0.1,0.19,5.0856
0.47,0.83,11.267
0.87,0.88,8.1935
0.95,0.6,6.4809
0.78,0.03,5.8082
0.18,0.07,5.4848
0.08,0.39,5.8254
0.07,0.77,7.2035
0.36,0.7,9.9914
0.16,0.39,6.485
0.15,0.49,6.7084
0.77,0.93,9.4135
0.04,0.33,5.4209
0.24,0.11,6.3256
0.4,0.21,8.5042
0.15,0.87,8.3076
0.48,0.15,8.5643
0.43,0.43,9.5832
0.51,0.4,9.5747
0.23,0.11,6.2205
0.84,0.13,5.42
0.07,0.95,7.9946
0.94,0.95,8.0081
0.37,0.09,7.7602
0.65,0.37,8.6587
0.57,0.61,10.218
0.05,0.75,7.0167
0.24,0.72,8.8543
0.72,0.85,9.789
0.55,0.87,11.449
0.45,0.22,8.7789
0.43,0.74,10.752
0.14,0.32,5.9872
0.3,0.1,7.0948
0.54,0.45,9.7756
0.37,1,11.326
0.81,0.31,6.5225
0.83,0.06,5.2334
0.25,0.48,7.9652
0.08,0.82,7.5102
0.36,0.61,9.6368
0.74,0.1,6.657
0.91,0.11,4.6437
0.59,0.01,7.8402
0.37,0.83,10.69
0.28,0.7,9.2061
0.1,0.06,4.6303
0.16,0.97,8.9392
0.04,0.24,5.0282
0.81,0.83,8.6128
0.44,0.46,9.625
0.34,0.13,7.645
0.36,0.13,7.8162
0.11,0.57,6.7666
0.96,0.76,6.994
0.48,0.26,9.0038
0.46,0.93,11.683
0.81,0.79,8.5492
0.51,0.58,10.235
0.62,0.45,9.2988
0.29,0.58,8.83
0.92,0.08,4.5836
0.17,0.91,8.7575
0.81,0.7,8.1088
0.88,0.18,5.319
0.67,0.83,10.32
0.92,0.19,4.9368
0.67,0.66,9.6289
0.18,0.65,7.7802
0.27,0.93,9.9821
0.49,0.95,11.822
0.93,0.2,5.019
0.74,0.94,9.9061
0.47,0.66,10.6
0.92,0.2,5.0678
0.64,0.37,8.6942
0.51,0.98,11.894
0.13,0.69,7.3803
0.06,0.55,6.292
0.59,0.07,7.9504
0.45,0.77,10.961
0.65,0.7,9.9237
0.92,0.72,7.2262
0.81,0.24,6.1412
0.52,0.15,8.5885
0.16,0.14,5.4701
0.13,0.7,7.3851
0.31,0.22,7.6274
0.94,0.06,4.3072
0.12,0.51,6.7018
0.38,0.13,7.9792
0.48,0.42,9.6857
0.9,0.86,7.7943
0.68,0.23,7.8114
0.24,0.09,6.2507
0.45,0.56,10.135
1,0.53,6.1625
0.74,0.15,6.7447
0.58,0.63,10.275
0.46,0.55,10.054
0.3,0.13,7.0785
0.49,0.49,9.9298
0.98,0.15,4.6428
0,0.12,4.4108
0.21,0.06,5.6922
0.93,0.39,5.6305
0.98,0.19,4.7231
0.43,0.2,8.6014
0.43,0.58,10.231
0.39,0.98,11.513
0.46,0.91,11.656
0.92,0.81,7.5291
0.41,0.94,11.437
0.79,0.06,5.7193
0.71,0.78,9.5838
0.68,0.85,10.202
0.57,0.55,10.068
0.44,0.95,11.702
0.72,0.84,9.8266
0.56,0.31,9.009
0.25,0.26,7.1015
0.59,0.54,9.8071
0.92,0.63,6.7643
0.16,0.11,5.3368
0.97,0.45,5.8334
0.34,0.54,9.2888
0.16,0.93,8.6751
0.01,0.06,4.2456
0.91,0.19,5.1045
0.09,0.21,5.0672
0.37,0.32,8.6135
0.44,0.52,9.9202
0.18,0.3,6.4439
0.7,0.29,7.8038
0.81,0.97,9.1341
0.84,0.4,6.4615
0.14,0.02,4.8016
0.82,0.97,9.0235
0.3,0.87,10.166
0.17,0.4,6.6059
0.04,0.97,7.9764
0,0.03,4.155
0.47,0.12,8.3795
0.48,0.56,10.297
0.58,0.86,11.149
0.12,0.78,7.6571
0.69,0.7,9.5062
0.69,0.68,9.4539
0.15,0.94,8.6656
0.12,0.5,6.5997
0.02,0.41,5.6768
0.28,0.16,7.0632
0.07,0.7,6.9724
0.67,0.54,9.1768
0.99,0.92,7.7707
0.66,0.77,10.136
0.77,0.98,9.7237
0.13,0.25,5.5612
0.52,0.07,8.2371
0.36,0.51,9.3556
0.54,0.21,8.7846
0.7,0.42,8.3747
0.58,0.99,11.835
0.24,0.18,6.584
0.59,0.51,9.8041
0.44,0.1,8.1867
0.92,0.9,7.8957
0.16,0.92,8.606
0.77,0.01,5.8937
0.46,0.06,8.2168
0.41,0.42,9.2352
0.46,0.43,9.7744
0.37,0.13,7.8435
0.59,0.96,11.606
0.78,0.41,7.3352
0.76,0.02,6.0277
0.27,0.61,8.6663
0.7,0.17,7.258
0.08,0.85,7.6085
0.41,0.63,10.1
0.16,0.87,8.4569
0.73,0.44,8.0604
0.07,0.36,5.6856
0.22,0.48,7.4586
0.29,0.73,9.4845
0.4,0.44,9.4153
0.74,0.98,10.075
0.59,0.1,8.0955
0.97,0.46,5.8523
0.34,0.7,9.9019
0.11,0.79,7.619
0.43,0.33,9.1426
0.54,0.76,10.957
0.49,0.03,8.1626
0.6,0.43,9.3709
0.56,0.26,8.9042
0.1,0.97,8.2565
0.43,0.94,11.623
0.97,0.72,6.9118
0.99,0.32,5.244
0.26,0.93,9.8552
0.55,0.99,11.771
0.95,0.97,7.9201
0.36,0.82,10.522
0.64,0.06,7.4703
0.5,0.94,11.85
0.57,0.44,9.5801
0.24,0.66,8.5316
0.47,0.82,11.164
0.1,0.41,6.0233
0.04,0.93,7.8329
0.87,0.79,7.805
0.31,0,6.749
0.68,0.84,10.188
0.47,0.42,9.6139
0.57,0.3,9.0166
0.05,0.56,6.3307
0.61,0.81,10.729
0.86,0.07,4.9377
0.32,0.87,10.248
0.55,0.27,9.1241
0.51,0.84,11.301
0.66,0.71,9.8133
0.45,0.27,8.9938
0.71,0.58,8.8549
0.34,0.99,11.05
0.23,0,5.7601
0.55,1,11.916
0.23,0.73,8.6772
0.94,0.15,4.6566
1,0.42,5.7227
0.08,0.18,4.9324
0.11,0.51,6.4284
0.02,0.88,7.5039
0.27,0.4,7.7959
0.8,0.85,8.7972
0.47,0.87,11.397
0.74,0.62,8.7416
0.27,0.96,10.112
0.57,0.07,8.1554
0.27,0.25,7.3113
0.53,0.75,11.029
0.3,0.68,9.278
0.89,0.39,5.9953
0.25,0.97,9.8958
0.36,0.3,8.495
0.79,0.92,9.2048
0.52,0.13,8.4996
0.91,0.18,5.1053
0.55,0.71,10.734
0.79,0.83,8.8034
0.61,0.69,10.289
0.49,0.26,9.007
0.05,0.57,6.4017
0.56,0.09,8.2874
0.4,0.12,8.0957
0.76,0.18,6.6613
0.67,0.16,7.624
0.7,0.16,7.2763
0.43,0.72,10.688
0.17,0.41,6.7624
0.4,0.28,8.6483
0.75,0.77,8.9971
0.1,0.09,4.704
0.63,0.87,10.786
0.85,0.22,5.6898
0.38,1,11.473
0.63,0.42,9.0253
0.92,0.27,5.3136
0.35,0.19,7.9166
0.88,0.2,5.2866
0.16,0.58,7.2481
0.79,0.52,7.6332
0.77,0.8,8.868
0.9,0.32,5.6112
0.14,0.85,8.1625
0.11,0.26,5.5046
0.11,0.45,6.2145
0.63,0.79,10.537
0.28,0.82,9.6669
0.34,0.98,11.024
0.77,0.45,7.4894
0.42,0.65,10.292
0.35,0.67,9.8627
0.11,0.01,4.4842
0.51,0.52,10.06
0.85,0.63,7.3063
0.3,0.15,7.3135
0.97,0.39,5.64
0.32,0.3,8.038
0.46,0.72,10.75
0.2,0.67,8.0736
0.38,0.41,9.1074
0.05,0.92,7.6935
0.23,0.92,9.484
0.37,0.49,9.2813
0.36,0.65,9.9385
0.16,0.22,5.7048
0.23,0.55,7.8846
0.52,0.81,11.26
0.76,0.32,7.1664
0.69,0.24,7.5783
0.23,0.07,6.0248
0.56,0.81,11.188
0.44,0.25,8.8856
0.75,0.76,9.0634
0.38,0.46,9.2633
0.42,0.96,11.5
0.26,0.34,7.4794
1,0.29,5.1576
0.66,0.22,7.9561
0.76,0.94,9.6901
0.14,0.68,7.4483
0.85,0.01,4.9233
0.66,0.29,8.1715
0.32,0.73,9.8133
0.37,0.64,9.9384
0.2,0.3,6.6671
0.61,0.36,8.9713
0.88,0.03,4.6141
0.5,0.92,11.726
0.84,0.37,6.4258
0.35,0.07,7.3865
0.44,0.03,7.9862
0.45,0.68,10.606
0.38,0.57,9.7247
0.1,0.3,5.5833
0.77,0.96,9.712
0.14,0.34,6.1533
0.76,0.4,7.4775
0.7,0.46,8.5338
0.39,0.47,9.4841
0.45,0.43,9.6245
0.87,0.43,6.3627
0.52,0.57,10.349
0.61,0.78,10.571
0.04,0.12,4.5422
0.34,0.39,8.5855
0.11,0.66,7.1208
0.37,0.55,9.6204
0.57,0.14,8.4477
0.76,0.34,7.3525
0.81,0.65,7.8625
0.35,0.44,8.9161
0.06,0.17,4.8598
0.64,0.91,10.971
0.12,0.22,5.451
0.3,0.94,10.444
0.17,0.52,7.1401
0.48,0.68,10.695
0.2,0.07,5.6607
0.45,0.23,8.7107
0.08,0.7,7.0181
0.64,0.74,10.42
0.94,0.56,6.3105
0.12,0.03,4.6113
0.71,0.12,6.929
0.58,0.32,8.8979
0.42,0.76,10.667
0.87,0.01,4.5621
0.29,0.57,8.7754
0.3,0.35,8.0219
0.03,0.77,7.0836
0.42,0.18,8.4465
0.08,0.48,6.1714
0.66,0.55,9.3336
0.96,0.81,7.2311
0.44,0.81,11.107
0.64,0.78,10.381
0.15,0.23,5.6925
0.32,0.53,8.9227
0.41,0.89,11.218
0.13,0.12,5.0931
0.05,1,8.1042
0.74,0.44,7.9708
0.64,0.92,10.976
0.98,0.49,5.9322
0.45,0.55,10.085
0.38,0.03,7.5347
0,0.29,5.1342
0.6,0.36,9.152
0.22,0.8,8.8163
0.77,0.61,8.1687
0.2,0.9,8.9618
0.34,0.35,8.4718
0.23,0.58,8.0794
0.35,0.62,9.7056
0.98,0.74,6.9795
0.26,0.77,9.1838
0.78,0.47,7.5213
0.32,0.93,10.562
0.02,0.52,6.1156
0.81,0.68,7.9796
0.59,0.74,10.681
0.48,0.24,8.8667
0.89,0.01,4.4764
0.1,0.94,8.2263
0.13,0.48,6.6396
0.34,0.83,10.383
0,0.06,4.2186
0.72,0.97,10.349
0.78,0.01,5.6423
0,0.35,5.4674
0.61,0.89,11.117
0.78,0.57,8.0543
0.64,0.41,8.7592
0.42,0.2,8.5684
0.99,0.91,7.6264
0.86,0.94,8.578
0.28,0.02,6.4783
0.04,0.85,7.4777
0.95,0.55,6.3103
0.82,0.26,6.1784
0.99,0.84,7.3645
0.85,0.45,6.6131
0.74,0.04,6.3032
0.85,0.5,6.8389
0.74,0.9,9.6257
0.41,0.76,10.695
0.9,0.22,5.2244
0.07,0.75,7.2445
0.22,0.51,7.7751
0.92,0.05,4.4489
0.14,0.56,6.952
0.97,0.05,4.2715
0.82,0.83,8.4608
0.9,0.87,7.7691
0.98,0.86,7.4441
0.94,0.9,7.7177
0.59,0.52,9.7493
0.23,0.24,6.7375
0.84,0.04,5.2088
0.45,0.12,8.4528
0.06,0.48,5.9707
0.48,0.47,9.8919
0.3,0.05,6.8981
0.04,0.28,5.1713
0.32,0.28,7.9805
0.75,0.9,9.5825
0.56,0.97,11.805
0.79,0.13,6.0408
0.14,0.07,4.955
0.03,0.51,6.063
0.35,0.89,10.796
0.58,0.81,11.102
0.44,0.18,8.5278
0.02,1,8.0492
0.95,0.01,4.1612
0.06,0.44,5.9529
0.8,0.48,7.2311
0.97,0.08,4.459
0.4,0.36,9.1764
0.65,0.19,7.9122
0.13,0.97,8.3579
0.43,0.3,9.082
0.79,0.81,8.7885
0.29,0.87,9.9713
0.44,0.59,10.192
0.7,0.81,9.9371
0.66,0.69,9.8454
0.53,0.06,8.2401
0.94,0.55,6.4676
0.74,1,10.099
0.75,0.19,6.8731
0.16,0.25,5.9374
0.68,0.38,8.3343
0.72,0.24,7.3195
0.72,0.59,8.8347
0.04,0.55,6.3429
0.75,0.29,7.1419
0.41,0.58,9.9463
0.67,0.89,10.589
0.01,0.32,5.2986
0.82,0.06,5.4246
0.78,0.79,8.794
0.61,0.9,11.187
0.39,0.91,11.119
0.17,0.05,5.2228
0.36,0.56,9.4864
0.31,0.83,10.036
0.59,0.24,8.7656
0.19,0,5.2759
0.9,0.82,7.6206
0.28,0.06,6.5198
0.19,0.25,6.3338
0.74,0.92,9.867
0.29,0.45,8.2946
0.42,0.29,8.9693
0.07,0.76,7.1637
0.56,0.34,9.1931
0.86,0.6,7.0641
0.25,0.8,9.2119
0.79,0.19,6.2789
0.02,0.65,6.5761
0.09,0.13,4.8353
0.04,0.63,6.6542
0.79,0.77,8.6487
0.09,0.8,7.5065
0.23,0.21,6.6055
0.82,0.75,8.0624
0.46,0.32,9.2794
0.42,0.89,11.217
0.62,0.29,8.6339
0.34,0.93,10.748
0.07,0.98,8.2001
0.89,0.03,4.5645
0.01,0.09,4.4299
0.21,0.2,6.2822
0.15,0.57,7.0914
0.8,0.44,7.159
0.79,0.35,6.9836
0.24,0.68,8.5779
0.96,0.28,5.1577
0.17,0.1,5.455
0.77,0.63,8.3083
0.77,0.52,7.7707
0.42,0.52,9.7776
0.91,0.16,4.9051
0.95,0.41,5.791
0.15,0.76,7.8581
0.28,0.64,9.0226
0.47,0.06,8.1894
0.97,0.14,4.6083
0.56,0.42,9.4606
0.75,0.74,9.1134
0.97,0,3.9343
0.02,0.84,7.386
0.67,0.85,10.382
1,0.85,7.4269
0.11,0.7,7.3152
0.62,0.15,8.091
0.62,0.77,10.47
0.87,0.52,6.6303
0.86,0.63,7.2725
0.59,0.61,10.102
0,0.97,7.8067
0.8,0.76,8.4362
0.01,0.44,5.7005
0.54,0.53,10.07
0.67,0.06,7.1846
0.67,0.39,8.5325
0.59,0.57,9.9255
0.9,0.14,5.0339
0.32,0.79,9.9654
0.18,0.08,5.49
0.93,0.95,8.0114
0.54,0.15,8.475
0.54,0.89,11.536
0.94,0.04,4.2732
0.88,0.68,7.2847
0.22,0.76,8.7238
0.1,0.07,4.612
0.19,0.35,6.6886
0.84,0.42,6.599
0.37,0.95,11.162
0.62,0.99,11.458
0.33,0.74,9.9731
0.88,0.06,4.7516
0.97,0.58,6.3366
0.93,0.08,4.5464
0.8,0.46,7.1871
0.59,0.14,8.1986
0.37,0.75,10.328
0.95,0.75,7.1465
0.84,0.05,5.1786
0.48,0.94,11.699
0.75,0.38,7.5555
0.98,0.57,6.2827
0.77,0.17,6.3911
0.91,0.08,4.6569
0.35,0.66,9.7829
0.15,0.81,8.0935
0.47,0.57,10.181
0.05,0.32,5.3688
0.08,0.52,6.2957
0.32,0.39,8.449
0.56,0.55,10.141
0.03,0.24,4.9269
0.02,0.6,6.4079
0.77,0.32,7.1137
0.3,0.59,8.9255
0.5,0.38,9.447
0.91,0.89,7.8244
0.91,0.05,4.5094
0.38,0.52,9.5881
0.29,0.28,7.6336
0.43,0.63,10.259
0.76,0.74,8.8314
0.37,0.23,8.3401
0.28,0.27,7.4411
0.34,0.95,10.828
0.92,0.55,6.4414
0.93,0.63,6.748
0.38,0.44,9.1833
0.95,0.12,4.6093
0.66,0.04,7.2392
0.41,0.55,9.9381
0.9,0.37,5.8851
0.73,0.24,7.2416
0.65,0.18,7.8598
0.43,0.73,10.747
0.38,0.72,10.344
0.1,0.21,5.2209
0.24,0.27,7.0463
0.98,0.67,6.7509
0.38,0.25,8.4133
0.94,0.77,7.219
0.2,0.73,8.2592
0.2,0.77,8.5402
0.55,0.33,9.179
0.96,0.34,5.35
0.8,0.06,5.6269
0.18,0.79,8.2586
0.6,0.22,8.4022
0.37,0.7,10.201
0.85,0.06,4.9777
0.03,0.56,6.2506
0.74,0.18,6.8961
0.66,0.54,9.1775
0.5,0.77,11.024
0.74,0.59,8.4956
0.37,0.31,8.5894
0.72,0.89,9.9142
0.98,0.59,6.4413
0.11,0.59,6.8314
0.38,0.07,7.7035
0.62,0.96,11.345
0.31,0.01,6.8893
0.15,0.67,7.5278
0.86,0.28,5.8451
0.5,0.08,8.2013
0.7,0.72,9.5796
0.02,0.31,5.2784
0.79,0.01,5.518
0.47,0.33,9.2906
0.08,0.99,8.2749
0.63,0.57,9.6894
0.42,0.62,10.306
0.45,0.79,11.012
0.57,0.84,11.186
0.39,0.99,11.532
0.56,0.66,10.473
0.11,0.99,8.311
0.89,0.65,7.022
0.39,0.95,11.312
0.45,0.46,9.7517
0.4,0.71,10.445
0.79,0.78,8.62
0.2,0.78,8.4659
0.55,0.06,8.148
0.22,0.84,9.0261
0.24,0.2,6.7201
0.51,0.48,9.995
0.51,0.7,10.82
0.18,0.38,6.6731
0.4,0.53,9.7184
0,0.39,5.6536
0.35,0.52,9.2397
0.64,0.79,10.401
0.59,0.55,9.9117
0.99,0.49,5.9673
0.77,0.67,8.3505
0.92,0.13,4.8141
0.81,0.26,6.3777
0.48,0.61,10.37
0.32,0.89,10.38
0.21,0.16,6.1574
0.27,0.35,7.6079
0.49,0.6,10.442
0.25,0.96,9.8692
0.9,0.31,5.6205
0.55,0.49,9.8602
0.18,0.47,7.026
0.64,0.6,9.5499
0.82,0,5.1438
0.42,0.49,9.8028
0.25,0.54,8.2198
0.56,0.43,9.6505
0.12,0.62,7.1119
0.79,0.33,6.7662
0,0.88,7.4812
0.45,0.41,9.4841
0.51,0.39,9.4951
0.08,0.56,6.5559
0.21,0.99,9.5551
0.34,0.75,10.057
0.16,0.02,5.1463
0.19,0.03,5.4755
0.12,0.32,5.8719
0.82,0.59,7.4084
0,0.4,5.5717
0.28,1,10.336
0.38,0.42,9.0993
0.29,0.84,9.9182
0.34,0.89,10.636
0.99,0.4,5.6431
0.75,0.6,8.4257
0.84,0.53,7.0375
0.53,0.85,11.358
0.72,0.41,8.0013
0.23,0.04,5.9219
0.49,0.05,8.226
0.72,0.65,8.8914
0.48,0.51,9.9987
0.81,0.84,8.6992
0.7,0.06,6.9098
0.07,0.16,4.7887
0.77,0.48,7.6975
0.78,0.85,9.0242
0.63,0.35,8.8146
1,0.93,7.7933
0.33,0.14,7.5635
0.19,0.66,7.8316
0.52,0.31,9.2133
0.14,0.11,5.1117
0.9,0.13,4.8926
0.68,0.83,10.174
0.15,0.66,7.3757
0.18,0.87,8.6654
0.14,0.43,6.5584
0.42,0.02,7.7962
0.44,0.99,11.928
0.12,0.12,4.9411
0.68,0.76,9.9878
0.69,0.36,8.2179
0.74,0.48,8.119
0.27,0.09,6.6119
0.72,0.29,7.6814
0.14,0.48,6.6404
0.16,0.96,8.7912
0.38,0.77,10.56
0.85,0,4.8702
0.34,0.85,10.517
0.04,0.41,5.6429
0.36,0.46,9.0531
0.35,0.83,10.521
0.3,0.95,10.335
0.26,0,6.2037
0.72,0.73,9.3275
0.64,0.46,9.2035
0.06,0.99,8.0638
0.74,0.33,7.4869
1,0.45,5.7838
0.99,0.73,6.8972
0.33,0.44,8.7866
0.32,0.96,10.717
1,0.05,4.0899
0.88,0.28,5.6017
0.49,0.75,10.888
0.91,0.85,7.6849
0.06,0.32,5.4084
0.17,0.76,8.0723
0.56,0.57,10.158
0.79,0.45,7.1991
0.71,0.44,8.1462
0.96,0.73,6.8964
0.41,0.35,8.9657
0.16,0.95,8.7931
0.34,0.31,8.1815
0.43,0.09,8.2179
0.48,0.64,10.562
0.61,0.05,7.6974
0.98,0.1,4.4101
0.05,0.35,5.3628
0.16,0.65,7.6375
0.23,0.27,6.915
0.81,0.58,7.6363
0.31,0.58,9.0277
0.21,0.88,8.9554
0.28,0.73,9.397
0.09,0.85,7.8116
0.26,0.41,7.6896
0.88,0.45,6.3371
0.35,0.47,9.0741
0.77,0.36,7.2709
0.12,0.53,6.6667
0.02,0.49,5.9951
0.51,0.12,8.3752
0.01,0.52,6.1533
0.42,0.11,8.1271
0.3,0.42,8.3408
0.94,0.84,7.4893
0.12,0.75,7.5292
0.51,0.27,9.2016
0.88,0.65,7.174
0.17,0.75,8.0765
0.76,0.29,7.0885
0.28,0.83,9.7621
0.53,0.27,9.0999
0.51,0.43,9.651
0.63,0.89,10.909
0.4,0.57,9.818
0.68,0.65,9.5319
0.34,0.61,9.5396
0.59,0.87,11.161
0.36,0.86,10.74
0.92,0.98,8.2105
0.89,0.5,6.4831
0.17,0.5,6.9578
0.38,0.82,10.73
0.88,0.84,7.9389
0.66,0.9,10.666
0.17,0.57,7.3959
0.39,0.48,9.4681
0.85,0.47,6.5599
0.2,0.17,6.078
0.06,0.02,4.1521
0.36,0.97,11.214
0.23,0.2,6.5277
0.13,0.52,6.7063
0.69,0.26,7.8343
0.88,1,8.5961
0.96,0.57,6.457
0.42,0.01,7.8442
0.6,0.1,7.9909
0.62,0.65,10.064
0.95,0.11,4.4724
0.99,0.62,6.5317
0.24,0.9,9.459
0.51,0.09,8.352
0.45,0.17,8.6419
0.19,0.21,6.0027
0.64,0.45,9.0728
0.39,0.01,7.5778
0.25,0.14,6.4905
0.64,0.93,10.992
0.47,0.72,10.888
0.46,0.3,9.1832
0,0.26,4.9221
0.27,0.85,9.6427
0.84,0.62,7.3956
0.46,0.67,10.694
0.81,0.44,6.9907
0.49,0.7,10.782
0.72,0.34,7.7203
0.77,0.07,5.9697
0.47,0.56,10.229
0.96,1,8.0557
0.1,0.32,5.7512
0.77,0.23,6.6157
0.36,0.07,7.5717
0.38,0.28,8.5726
0.43,0.78,10.844
0.97,0.41,5.7381
0.45,0.48,9.8532
0.23,0.32,7
0.12,0.19,5.3012
0.62,0.1,7.907
0.45,0.85,11.273
0.17,0.14,5.6449
0.36,0.69,9.965
0.19,0.9,8.893
0.05,0.27,5.0519
0.74,0.53,8.2694
0.8,0.21,6.2627
0.49,0.98,11.908
0.93,0.8,7.3946
0.63,0.27,8.3746
0.56,0.71,10.795
0.58,0.33,9.1296
0.26,0.01,6.1633
0.81,0.94,9.081
0.85,0.07,5.1395
0.33,0.87,10.43
0.89,0.15,5.0263
0.52,0.53,9.9767
0.16,0.29,6.1026
0.31,0.77,9.8425
0.57,0.75,10.741
0.4,0.81,10.881
0.87,0.71,7.4848
0.95,0.19,4.968
0.08,0.41,5.8215
0.11,0.87,7.9218
0.05,0.16,4.6933
0.64,0.3,8.4813
0.64,0.95,11.121
0.98,0.76,7.0456
0.98,0.47,5.8102
0.59,0.22,8.5803
0.86,0.38,6.1244
0.58,0.21,8.7311
0.11,0.11,4.9361
0.11,0.23,5.3125
0.23,0.44,7.441
0.71,0.48,8.3749
0.09,0.87,7.7687
0.66,0.13,7.6399
0.36,0.03,7.3711
0.2,0.34,6.7665
0.02,0.72,6.8879
0.88,0.58,6.8936
0.09,0.53,6.4624
0.4,0.2,8.3188
0.47,0.54,10.191
0.01,0.64,6.5204
0.16,0.18,5.5922
0.9,0.94,8.1066
0.08,0.17,5.0414
0.72,0.78,9.553
0.36,0.73,10.231
0.41,0.02,7.8112
0.5,0.35,9.5062
0.43,0.47,9.5798
0.59,0.67,10.4
0.34,0,7.136
0.78,0.02,5.7015
0.5,0.68,10.753
0.32,0.01,6.8213
0.77,0.73,8.6768
0.96,0.66,6.8111
1,0.86,7.4598
0.47,0.22,8.832
0.55,0.5,9.9764
0.42,0.1,8.1019
0.61,0.46,9.3629
0.14,0.39,6.2968
0.98,0.13,4.5035
0.6,0.48,9.4603
0.77,0.72,8.6203
0.76,0.05,6.1327
0.93,0.71,6.992
0.25,0.37,7.5165
0.45,0.05,8.1042
0.19,0.57,7.6078
0.92,0.59,6.5968
0.12,0.97,8.4173
0.84,0.32,6.2205
0.24,0.77,8.9901
0.43,0.08,8.0703
0.11,0.77,7.4927
0.02,0.21,4.8572
0.32,0.71,9.689
0.32,0.78,9.9952
0.33,0.16,7.6115
0.28,0.53,8.4751
0.06,0.42,5.7916
0.75,0.66,8.648
0.59,0.84,11.019
0.11,0.83,7.7398
0.58,0.22,8.6554
0.26,0.85,9.5291
0.92,0.01,4.276
0.4,0.35,8.8522
0.13,0.39,6.2401
0.21,0.67,8.1621
0.46,0.01,7.9208
0.09,0.86,7.8355
0.25,0.5,7.8839
0.74,0.05,6.3328
0.22,0.17,6.3154
0.75,0.63,8.4625
0.64,0.4,8.8164
0.88,0.97,8.4517
0.97,0.77,7.1523
0.62,0.34,8.753
0.61,0.67,10.331
0.95,0.54,6.29
0.23,0.4,7.4124
0.76,0.38,7.4312
0.95,0.66,6.7845
0.38,0.45,9.1999
0.39,0.62,9.9432
0.73,0.16,6.8166
0.67,0.79,10.117
0.95,0.38,5.5738
0.96,0.07,4.3507
0.03,0.46,5.9465
0.18,0.42,6.9931
0.9,0.69,7.1549
0.4,0.69,10.365
0.93,0.31,5.3818
0.64,0.22,8.0625
0.19,0.88,8.768
0.95,0.9,7.6846
0.72,0.94,10.154
0.12,1,8.525
0.87,0.85,8.0284
0,0.65,6.5827
0.83,0.56,7.2095
0.82,0.7,7.9013
0.53,0.74,10.934
0.66,0.66,9.6976
0.88,0.9,8.1428
0.9,0.43,6.1074
0.78,0.82,8.8958
0.67,0.09,7.2976
0.02,0.78,7.1286
0.62,0.25,8.55
0.66,0.52,9.142
0.33,0.46,8.8068
0.33,0.67,9.7211
0.74,0.49,8.102
0.53,0.21,8.7969
0.19,0.18,5.9787
0.7,0.63,9.085
0.25,0.34,7.3225
0.02,0.42,5.5992
0.3,0.19,7.466
0.33,0.38,8.4778
0.79,0.93,9.1746
0.51,0.45,9.8506
0.06,0.45,6.0119
0.37,0.9,10.922
0.82,0.53,7.2978
0.03,0.22,4.9364
0.01,0.99,7.8794
0.08,0.29,5.4411
0.87,0.06,4.9457
0.25,0.82,9.2926
0.26,0.6,8.4521
0.42,0.98,11.708
0.23,0.28,6.8979
0.87,0.07,4.9286
0.89,0.3,5.6756
0.73,0.54,8.3654
0.01,0.16,4.6178
0.94,0.96,7.9376
0.6,0.98,11.577
0.72,0.64,8.9416
0.68,0.34,8.2628
0.66,0.67,9.6513
0.35,0.01,7.1933
0.2,0.95,9.2218
0.01,0.23,4.9008
0.52,0.66,10.577
0.55,0.75,10.865
0.99,0.37,5.5232
0.51,0.86,11.454
0.71,0.02,6.54
0.68,0.59,9.1199
0.93,0.09,4.5195
0.88,0.35,5.9403
0.11,0.53,6.5569
0.51,0.66,10.64
0.11,0.13,4.9192
0.33,0.34,8.3504
0.15,0.03,4.955
0.25,0.72,8.9247
0.46,0.1,8.3164
0.11,0.24,5.4759
0.22,0.49,7.6046
0.82,0.78,8.2189
0.7,0.48,8.4796
0.17,0.71,7.8472
0.96,0.63,6.5348
0.46,0.16,8.5733
0,0.38,5.4502
0.97,0.62,6.5241
0.45,0.58,10.201
0.89,0.8,7.621
0.64,0.25,8.2934
0.81,0.72,8.1784
0.2,0.23,6.2856
0.19,0.72,8.1622
0.26,0.86,9.5131
0.15,1,8.8261
0.62,0.44,9.2086
0.02,0.58,6.3253
0.47,0.01,7.9932
0.76,0.95,9.5841
0.85,0.86,8.266
0.35,0.16,7.9066
0.5,0.39,9.5368
0.48,0.5,9.9849
0.96,0.39,5.5463
0.82,0.76,8.2068
0.37,0.25,8.4128
0.68,0.06,6.9366
0.33,0.21,7.8425
0.73,0.92,10.026
0.51,0.93,11.72
0.52,0.59,10.43
0.46,0.52,9.9282
0.59,0.68,10.317
0.51,0.61,10.372
0.57,0.99,11.786
0.86,0.27,5.8168
0.17,0.45,6.7418
0.88,0.95,8.3085
0.94,0.63,6.623
1,0.01,4.0305
0.8,0.19,6.0702
0.28,0.4,7.9534
0.03,0.93,7.6905
0.83,0.55,7.1899
0.87,0.25,5.6727
0.37,0.15,7.9362
0.39,0.22,8.4426
0.04,0.44,5.8548
0.86,0.34,6.0594
0.47,0.39,9.4081
0.7,0.08,6.792
0.33,0.04,7.1833
0.35,0.06,7.5479
0.65,0.25,8.2204
0.65,0.42,8.9309
0.65,0.84,10.535
0.41,0.44,9.4195
0.81,0.52,7.4558
0.79,0.32,6.7618
0.24,0.23,6.8304
0.84,0.12,5.3905
0.51,0.55,10.178
0.9,0.39,5.9275
0.35,0.86,10.62
0.64,0.59,9.6244
0.89,0.21,5.334
0.29,0.83,9.7608
0.84,0.67,7.6173
0.55,0.83,11.146
0.38,0.09,7.8639
0.06,0.49,6.0524
0.57,0.73,10.751
0.71,0.73,9.4168
0.93,0.35,5.6262
0.11,0.44,6.2904
0.61,0.33,8.8964
0.22,0.67,8.3097
0.31,0.42,8.5085
0.98,0.21,4.9304
0.25,0.42,7.6691
0.32,0.49,8.7934
0.16,0.2,5.7721
0.35,0.05,7.4363
0.48,0.82,11.308
0.48,0.01,7.9801
0.91,0.14,4.8607
0.95,0.62,6.5521
0.16,0.3,6.1649
0.7,0.91,10.2
0.64,0.12,7.7788
0.24,0.44,7.689
0.81,0.07,5.5509
0.72,0.71,9.1744
0.62,0.82,10.64
0.79,0.96,9.238
0.5,0.41,9.5263
0.24,0.7,8.7697
0.93,0.33,5.5159
0.7,0.02,6.712
0.75,0.48,7.9907
0.82,0.47,6.8992
0.46,0.59,10.232
0.58,0.48,9.7098
0.66,0.11,7.6046
0.29,0.59,8.8691
0.99,0.6,6.4158
0.01,0.67,6.6717
0.31,0.73,9.7426
0.57,0.87,11.322
0.75,0.8,9.2175
0.02,0.15,4.6855
0.76,0.5,7.8274
0.41,0.06,7.9287
0.53,0.26,9.104
0.49,0.19,8.7122
0.39,0.2,8.4518
0.65,0.85,10.47
0.05,0.99,8.0568
0.47,0.88,11.531
0.24,0.1,6.3447
0.68,0.87,10.326
0.97,0.5,6.0647
0.22,0.46,7.4742
0.68,0.48,8.8167
0.57,0.79,11.028
0.95,0.36,5.564
0.37,0.29,8.4907
0.88,0.43,6.3149
0.87,0.58,6.959
0.22,0.74,8.6366
0.82,0.35,6.5381
1,0.52,6.0305
0.32,0.14,7.3803
0.34,0.9,10.668
0.81,0.41,6.9146
0.25,0.49,7.9618
0.78,0.06,5.9109
0.13,0.77,7.8207
0.08,0.42,5.9091
0.87,0.05,4.8138
0.47,0.32,9.1913
0.33,0.33,8.2459
0.18,0.2,5.8397
0.64,0.73,10.144
0.5,0.11,8.4502
0.22,0.73,8.534
0.16,0.99,8.9274
0.18,0.55,7.3263
0.85,0.26,5.8543
0.28,0.89,10.13
1,0.25,4.9264
0.32,0.85,10.195
0.37,0.82,10.73
0.98,0.17,4.7094
0.28,0.48,8.3169
0.67,0.48,8.8909
0.31,0.32,7.8948
0.11,0.75,7.46
0.46,0.77,11.042
0.62,0.75,10.446
0.53,0.83,11.295
0.42,0.95,11.592
0.52,0.1,8.3881
0.44,0.55,9.935
0.15,0.1,5.2839
0.43,0,7.8852
0.83,0.65,7.6843
0.49,0.44,9.7202
0.77,0.43,7.5036
0.75,0.93,9.7591
0.98,0.73,6.9118
0.45,0.01,7.9329
0.11,0.95,8.1722
0.79,0.71,8.3162
0.79,0.43,7.1931
0.9,0.97,8.2094
0.44,0.82,11.18
0.06,0.86,7.6072
0.38,0.92,11.188
0.18,0.52,7.2887
0.51,0.33,9.2685
0.98,0.27,5.1016
0.59,0.95,11.579
0.18,0.51,7.229
0.79,0.59,7.7599
0.56,0.94,11.742
0.45,0.97,11.7
0.27,0.42,7.9408
0.78,0.59,8.0758
0.5,0.54,10.073
0.32,0.56,9.1042
0.1,0.84,7.7352
0.85,0.28,5.9428
0.51,0,8.0576
0.61,0.24,8.6048
0.18,0.6,7.6679
0.52,0.03,8.1162
0.91,0.03,4.3534
0.99,0.45,5.8018
0.32,0.57,9.1241
0.46,0.99,11.876
0.07,0.72,7.1137
0.03,0.64,6.5861
0.3,0.67,9.2182
0.59,0.75,10.71
0.5,0.3,9.1489
0.61,0.42,9.2522
0.51,0.85,11.473
0.38,0.43,9.1932
0.83,0.26,6.1596
0.78,0.86,9.0507
0.64,0.77,10.349
0.34,0.24,8.1293
0.25,0.41,7.6335
0.17,0.54,7.1691
0.86,0.08,4.9707
0.64,0.54,9.5503
0.25,0.21,6.8039
0.77,0.31,7.0107
0.11,0.71,7.3074
0.42,0.78,10.868
0.87,0.68,7.3924
1,0.16,4.6388
0.72,0.17,7.0913
1,0.6,6.4084
0.4,0.79,10.685
0.41,0.48,9.592
0.6,0.26,8.6858
0.3,0.99,10.51
0.3,0.72,9.4253
0.32,0.59,9.2781
0.53,0.42,9.6257
0.36,0.23,8.2296
0.26,0.22,6.9941
0.85,0.71,7.7637
0.34,0.91,10.691
0.78,0.75,8.5784
0.03,1,8.1288
0.07,0.56,6.4504
0.82,0.2,5.9058
0.8,0.91,8.9277
0.17,0.43,6.861
0.29,0.8,9.7889
0.71,0.13,7.0113
0.73,0.82,9.4733
0.62,0.57,9.6684
0.51,0.29,9.1849
0.36,0.92,10.891
0.69,0.94,10.42
0.68,0.55,9.1079
0.51,0.91,11.683
0.26,0.78,9.1786
0.89,0.47,6.4106
0.06,0.19,4.895
0.65,0.27,8.1941
0.95,0.21,4.8962
0.58,0.27,8.8707
0.45,0.47,9.79
0.4,0.78,10.677
0.57,0.08,8.2822
0.69,0.14,7.3066
0.71,0.56,8.7376
0.54,0.11,8.4272
0.41,0.52,9.8226
0.81,0.73,8.0538
0.3,0.07,6.8467
0.88,0,4.5059
0.76,0.48,7.8518
0.87,0.6,6.9631
0.22,0.82,8.9118
0.42,0.05,7.8971
0.91,0.26,5.354
0.09,1,8.2163
0.89,0.2,5.3368
0.47,0.2,8.8086
0.18,0.53,7.2325
0.85,0.33,6.0256
0.24,0.67,8.4775
0.85,0.85,8.3054
0.69,0.95,10.571
0.61,0.52,9.673
0.92,0.32,5.5885
0.5,0.84,11.441
0.26,0.45,7.987
0.51,0.56,10.215
0.61,0.94,11.316
0.43,0.01,7.8296
0.81,0.48,7.0995
0.96,0.23,5.0251
0.28,0.69,9.2532
0.36,0.37,8.6983
0.89,0.32,5.641
0.82,0.81,8.3797
0.3,0.03,6.8198
0.5,0.47,9.8598
0.65,0.61,9.7201
0.05,0.03,4.1808
0.46,0.48,9.8721
0.56,0.02,7.9677
0.73,0.83,9.5171
0.05,0.49,6.0471
0.13,0.81,7.796
0.94,0.5,6.1858
0.81,0.17,5.842
0.25,0.75,8.9367
0.32,0.31,8.0463
0.93,0.24,5.1608
0.71,0.42,8.1462
0.97,0.81,7.2569
0.75,0.91,9.614
0.55,0.02,7.9395
0.08,0.02,4.3158
0.01,0.55,6.1249
0.03,0.14,4.6592
0.92,0.44,6.0653
0.33,0.52,9.0776
0.21,0.04,5.6706
0.16,0.01,5.033
0.5,0.24,9.0148
0.43,0.19,8.5822
0.26,0.3,7.253
0.61,0.11,7.9907
0.86,0.58,7.131
0.4,0.58,9.8397
0.9,0.54,6.47
0.19,0.07,5.4356
0.59,0.45,9.4319
0.66,0.18,7.8916
0.38,0.47,9.3895
0.48,0.98,11.871
0.94,0.45,5.9164
0.23,0.39,7.2406
0.49,0.8,11.173
0.82,0.29,6.3855
0.73,0.73,9.1132
0.64,0.75,10.256
0.05,0.25,5.0903
0.68,0.7,9.7335
0.45,0.5,10.003
0.73,0.33,7.5711
0.72,0.39,8.0293
0.34,0.49,9.0411
0.78,0.81,8.8946
0.55,0.04,8.0616
0.54,0.55,10.095
0.13,0.42,6.2265
0.76,0.08,6.2486
0.77,0.76,8.8752
0.26,0.55,8.3575
0.74,0.65,8.6892
0.41,0.19,8.4768
0.79,0.8,8.6244
0.81,0.08,5.6223
0.39,0.56,9.8068
0.51,0.17,8.6506
0.21,0.64,8.0849
0.5,0.8,11.177
0.73,0.55,8.4603
0.88,0.13,5.0544
0.56,0.59,10.326
0.66,0.49,9.0545
0.8,0.83,8.6056
0.02,0.71,6.7826
0.05,0.39,5.6799
0.95,0.22,5.0047
0.2,0.75,8.4421
0.39,0.02,7.5481
0.85,0.7,7.5267
0.62,0.86,10.819
0.23,0.85,9.1146
0.43,0.31,9.0511
0.21,0.11,5.9388
0.38,0.53,9.4728
0.65,0.69,9.9371
0.02,0.9,7.6084
0.96,0.12,4.5169
0.77,0.05,5.9255
0.34,0.96,10.904
0.17,0.02,5.1846
0.87,0.2,5.4415
0.87,0.04,4.7823
0.04,0.92,7.7317
0.4,0.9,11.222
0.28,0.62,8.7994
0.01,0.22,4.8746
0.93,0.62,6.6368
0.15,0.26,5.8575
0.49,0.5,9.8538
0.08,0.13,4.7312
0.14,0.23,5.6769
0.87,0.7,7.3932
0,0.04,4.1762
0.12,0.02,4.7092
0.09,0.35,5.6776
0.94,0.32,5.465
0.76,0.97,9.7488
0.95,0.89,7.689
0.73,0.96,10.051
0.22,0.98,9.4653
0.2,0.33,6.6713
0.25,0.88,9.4127
0.87,0.75,7.5924
0.98,0.99,7.9601
0.97,0.4,5.677
0.52,0.5,9.9883
0.13,0.94,8.4001
0.76,0.14,6.4485
0.09,0.02,4.3321
0.96,0.45,5.9238
0.68,0.33,8.1734
0.16,0.7,7.8117
0.86,0.21,5.5729
0.35,0.55,9.4045
0.52,0.65,10.613
0.16,0.35,6.336
0.36,0.17,7.9305
0.85,0.38,6.3612
0.66,0.7,9.7824
0.34,0.44,8.8324
0.24,0.41,7.5104
0.25,0.86,9.4638
0.12,0.77,7.6124
0.38,0.3,8.61
0.55,0.11,8.2567
0.79,0.08,5.8168
0.78,0.98,9.444
0.61,0.56,9.6927
0.03,0.44,5.9085
0.11,1,8.3721
0.66,0.33,8.3809
0.76,0.55,8.0254
0.98,1,7.9954
0.28,0.25,7.4008
0.67,0.76,9.9936
0.85,0.99,8.8415
0.96,0.4,5.6288
0.37,0.41,8.9465
0.63,0.58,9.6776
0.73,0.32,7.5317
0.81,0.76,8.3017
0.86,0.78,7.7953
0.03,0.18,4.7875
0.26,0.07,6.4265
0.47,0.89,11.484
0.92,0.66,6.922
0.34,0.07,7.3182
0.5,0.26,9.0128
0.8,0.12,5.9074
0.39,0.87,11.001
0.14,0.89,8.3252
0.72,0.03,6.5627
0.04,0.58,6.3454
0.57,0.31,9.0577
0.97,0.8,7.2509
0.6,0.75,10.467
0.28,0.92,10.054
0.09,0.96,8.124
0.55,0.22,8.832
0.44,0.79,11.009
0.16,0.69,7.6773
0.36,0.22,8.0781
0.08,0.94,8.0159
0.41,0.26,8.7857
0.99,1,8.0131
0.39,0.78,10.647
0.1,0.24,5.3996
0.54,0.71,10.755
0.45,0.74,10.777
0.3,0.24,7.6264
0.53,0.53,10.088
0.14,0.97,8.5734
0.47,0.41,9.6068
0.78,0.96,9.4833
0,0.36,5.3228
0.49,0.59,10.333
0.97,0.7,6.8141
0.92,0.97,8.2044
0.41,0.34,9.0413
0.24,0.61,8.3423
0.96,0.9,7.5972
0.23,0.33,7.0581
0.71,0.91,10.155
0.01,0.81,7.2021
1,0.79,7.1355
0.63,0.04,7.5737
0.51,0.46,9.764
0.65,0.07,7.3926
0.64,0.43,8.9838
0.24,0.93,9.5342
0.93,0.83,7.5033
0.27,0.18,6.9159
0.26,0.68,8.861
0.51,0.02,8.0751
0.76,0.83,9.1794
1,0.26,5.0843
0.54,0.57,10.229
0.21,0.77,8.5106
0.18,0.06,5.3295
0.35,0.96,11.072
0.41,1,11.754
0.07,0.15,4.7851
0.41,0.47,9.5982
0.17,1,9.0807
0.57,0.72,10.716
0.25,0.18,6.7194
0.03,0.86,7.5268
0.62,0.2,8.2639
0.94,0.58,6.502
0.84,0.1,5.409
0.54,0.79,11.168
0.85,0.09,5.1632
0.86,0.88,8.3029
0.39,0.39,9.1157
0.83,0.35,6.5146
0.14,0.36,6.2555
0.96,0.27,5.161
0.96,0.5,6.1079
0.44,0.54,10.058
0.89,0.29,5.5518
0.47,0.59,10.225
0.95,0.07,4.3983
0.91,0.06,4.5539
0.21,0.5,7.5422
0.6,0.16,8.2087
0.19,0.67,7.8889
0.35,0.58,9.4394
0.08,0.03,4.3582
0.73,0.68,9.0471
0.02,0.51,6.08
0.81,0.56,7.5235
0.9,0.93,8.2111
0.19,0.84,8.7361
0.59,0.19,8.4029
0.39,0.66,10.286
0.71,0.11,6.8749
0.52,0.84,11.38
0.95,0.43,5.7925
0.9,0.83,7.7421
0.48,0.8,11.107
0.75,0.98,9.8965
0.54,0.87,11.409
0.98,0.69,6.8401
0.79,0.65,8.1163
0.6,0.04,7.6838
0.66,0.79,10.243
0.05,0.45,5.8321
0.58,0.18,8.5329
0.33,0.9,10.543
1,0.62,6.4348
0.69,0.49,8.6313
0.25,0.29,7.1676
0.27,0.83,9.6015
0.36,0.83,10.596
0.19,0.01,5.198
0.69,0.09,7.1973
0.2,0.55,7.4816
0.62,0.51,9.5253
0.39,0.5,9.4722
0.7,0.24,7.5582
0.94,0.02,4.2216
0.75,0.17,6.6512
0.75,0.31,7.2303
0.23,0.19,6.6495
0.81,0.81,8.4351
0.13,0.41,6.2503
0.94,0.66,6.7547
0.6,0.06,7.7643
0.84,0.95,8.7279
0.62,0.97,11.312
0.87,0.89,8.0761
0.18,0.69,8.0458
0.5,0,8.1413
0.41,0.72,10.548
0.91,0.97,8.2704
0.36,0.08,7.5957
0.88,0.23,5.4422
0.14,0.82,8.0959
0.01,0.21,4.8103
0.45,0.18,8.6329
0.03,0.41,5.7225
0.51,0.32,9.2049
0.92,0.88,7.7322
0.99,0.56,6.2411
0.48,0.74,10.972
0.46,0.78,11
0.65,0.5,9.0474
0.59,0.72,10.523
0.6,0.42,9.3581
0.11,0.2,5.3184
0.84,0.11,5.3276
0.59,0.33,8.982
0.8,0.54,7.5953
0.12,0.6,6.989
0.39,0.55,9.6659
0.31,0.6,9.1145
0.44,0.68,10.603
0.55,0.52,9.8896
0.05,0.86,7.5867
0.79,0.76,8.6196
0.05,0.24,5.0056
0.89,0.75,7.4431
0.47,0.64,10.557
0.39,0.28,8.568
0.02,0.74,6.9711
0.63,0.34,8.7133
0.95,0.14,4.6035
0.36,0.88,10.721
0.52,0.32,9.2289
0.47,1,11.925
0.16,0.26,5.9621
0.5,0.5,9.9913
0.9,0.36,5.8918
0.48,0.45,9.7472
0.34,0.92,10.707
0.2,0.63,8.015
0.43,0.28,8.9244
0.52,0.86,11.432
0.53,0.93,11.693
0.86,0.5,6.6904
0.44,0.42,9.3931
0.58,0.95,11.562
0.64,0.28,8.3701
0.78,0.8,8.7904
0.89,0.48,6.3646
0.8,0.24,6.3282
0.17,0.82,8.3631
0.21,0.28,6.5533
0.34,0.87,10.613
0.49,0.83,11.254
0.49,0.97,11.87
0.49,0.45,9.7836
0.12,0.79,7.6227
0.24,0.07,6.1641
0.83,0.37,6.4126
1,0.84,7.3934
0.44,0.4,9.4595
0.38,0.58,9.7404
0.23,0.66,8.2688
0.31,0.37,8.1644
0.93,0.07,4.3854
0.38,0.96,11.292
0.09,0.19,5.0961
0.32,0.43,8.62
0.72,0.25,7.4608
0.77,0.15,6.3135
0.58,0.29,8.907
0.13,0.62,7.1583
0.64,0.66,9.9584
0.66,0.6,9.3923
0.16,0.47,6.6666
0.72,0.16,6.9262
0.69,0.28,7.7318
0.68,0.13,7.3532
0.68,0.26,7.9115
0.38,0.74,10.34
0.11,0.98,8.3758
0.24,0.32,7.2056
0.69,0.92,10.443
0.17,0.65,7.6208
0.75,0.62,8.4474
0.1,0.72,7.354
0.55,0.26,8.9871
0.29,0.61,8.8885
0.45,0.36,9.4124
0.51,0.34,9.2957
0.95,0.4,5.6119
0.99,0.76,7.1246
0.63,0.32,8.7434
0.32,0.77,9.9667
0.31,0.86,10.099
0.49,0.17,8.6582
0.4,0,7.5842
0.66,0.62,9.622
0.36,0.27,8.3419
0.34,0.59,9.4622
0.01,0.83,7.2787
0.17,0.67,7.7765
0.24,0.63,8.4444
0.87,0.8,7.7233
0.42,0.16,8.3631
0.48,0.54,10.192
0.95,0.56,6.407
0.68,0.81,10.078
0.49,0.25,9.0294
0.32,0.54,8.9752
0.93,0.86,7.6411
0.45,0.15,8.5068
0.38,0.26,8.4941
0.15,0.45,6.6069
0.7,0.79,9.7076
0.6,0,7.7008
0.94,0.6,6.5509
0.86,0.18,5.4102
0.21,0.81,8.8115
0.31,0.17,7.4296
0.59,0.08,8.0492
0.74,0.66,8.8028
0.69,0.84,10.093
0.65,0.78,10.284
0.9,0.81,7.5713
0.6,0.6,9.9761
0.16,0.34,6.4017
0.71,0.7,9.2761
0.42,0.21,8.6615
0.61,0.2,8.4394
0.7,0.28,7.6201
0.89,0.55,6.6916
0.55,0.9,11.558
0.47,0.74,10.868
0.14,0,4.7221
0.02,0.07,4.2801
0.81,0.04,5.481
0.6,0.38,9.2433
0.9,0.06,4.6763
0.24,0.43,7.6965
0.45,0.93,11.543
0.27,0.04,6.3026
0.85,0.29,5.987
0.27,0.98,10.157
0.1,0.55,6.5503
0.14,0.44,6.4491
0.83,0.71,7.8406
0.81,0.33,6.5122
0.25,0.17,6.699
0.5,0.14,8.5401
0.35,0.25,8.1878
0.09,0.82,7.585
0.55,0.07,8.2355
0.42,0.93,11.406
0.96,0.03,4.1132
0.67,0.11,7.5412
0.03,0.31,5.3513
0.63,0.44,9.0696
0.07,1,8.1528
0.26,0.74,9.164
0.84,0.61,7.4541
0.13,0.04,4.7125
0.86,0,4.7362
0.47,0.24,8.8653
0.04,0.03,4.1023
0.84,0.78,7.9554
0.41,0.33,9.0737
0.81,0.5,7.2618
0.22,0.45,7.5324
0.59,0.94,11.502
0.72,0.92,10.043
0.09,0.77,7.3392
0,0.18,4.6763
0.9,0.23,5.3075
0.39,0.85,10.951
0.74,0.43,7.8036
0.69,0.96,10.631
0.22,0.87,9.194
0.93,0.49,6.1876
0.8,0.42,7.1077
0.97,0.65,6.61
0.4,0.54,9.8012
0.95,0.65,6.7729
0.18,0.89,8.73
0.1,0.08,4.6559
0.05,0.19,4.9261
0.6,0.12,8.1777
0.48,0.19,8.805
0.53,0.72,10.95
0.7,0.9,10.133
0.93,0.21,4.9669
0.17,0.64,7.6166
0.18,0.37,6.6215
0.72,0.01,6.4362
0.86,0.14,5.244
0.81,0.43,7.0182
0.17,0.38,6.5834
0.1,0.71,7.2374
0.19,0.96,9.0152
0.6,0.08,7.9367
0.04,0.05,4.2875
0.21,0.89,9.0226
0.01,0.49,5.9463
0.01,0.24,5.022
0.01,0.9,7.6618
0.62,0.79,10.621
0.82,0.23,6.2093
0.42,0.69,10.455
0.24,0.39,7.3817
0.5,1,11.993
0.14,0.99,8.7159
0.57,0.15,8.4894
0.17,0.86,8.4061
0.12,0.87,8.065
0.43,0.57,10.105
0.02,0.12,4.5094
0.7,0.19,7.34
0.71,0.19,7.2446
0.21,0.4,7.2116
0.17,0.35,6.4754
0.36,0.81,10.522
0.75,0.58,8.2738
0.85,0.35,6.1923
0.43,0.85,11.183
0.3,0.78,9.7125
0.89,0.57,6.7512
0.23,0.16,6.3899
0.73,0.22,7.1219
0.34,0.69,9.8758
0.42,0.68,10.476
0.86,0.31,6.0693
0.7,0.76,9.6389
0.27,0.05,6.4143
0.1,0.35,5.8101
0.51,0.26,9.0521
0.48,0.13,8.5054
0.64,0.63,9.749
0.4,0.89,11.197
0.49,0.93,11.799
0.46,0.84,11.28
0.8,0.45,7.2601
0.81,0.57,7.6369
0.22,0.99,9.5714
0.15,0.58,7.2039
0.04,0.79,7.2389
0.08,0.23,5.1919
0.14,0.38,6.3128
0.71,0.46,8.2956
0.21,0.8,8.6426
0.04,0.37,5.3955
0.89,0.6,6.9189
0.63,0.63,9.8709
0.27,0.54,8.3667
0.2,0.65,7.9657
0.85,0.13,5.416
0.29,0.16,7.1446
0.37,0.43,9.0855
0.81,0.34,6.6759
0.63,0.64,9.9756
1,0.2,4.8062
0.35,0.37,8.6524
0.87,0.11,5.0868
0.62,0.95,11.293
0.99,0.81,7.2872
0.61,0.83,10.79
0.08,0.73,7.169
0.96,0.13,4.6721
0.74,0.29,7.2877
0.73,0.62,8.6987
0.91,0.83,7.6692
0.52,0.73,10.952
0.45,0.49,9.8528
0.53,0.15,8.5436
0.4,0.29,8.8564
0.08,0.49,6.121
0.68,0.27,7.9193
0.48,0.39,9.5217
0.5,0.96,11.769
0.08,0.25,5.1398
0.63,0.39,8.9476
0.56,0.83,11.186
0.63,0.21,8.1634
0.39,0.33,8.8062
0.26,0.89,9.6808
0.31,0.51,8.8828
0.34,0.05,7.2824
0.08,0.75,7.1856
0.8,0.73,8.2915
0.14,0.01,4.742
0.97,0.47,5.9585
0.94,0.88,7.5546
0.68,0.43,8.5859
0.75,0.34,7.3511
0.75,0.04,6.1829
0.41,0.14,8.3103
0.09,0.08,4.6144
0.32,0.91,10.389
0.83,0.58,7.3733
0.82,0.88,8.6553
0.06,0.68,6.8681
0.14,0.76,7.6774
0.12,0.82,7.9198
0.12,0.1,4.9538
0.58,0.77,10.873
0.29,0.09,6.9
0.57,0.64,10.365
0.31,0.04,6.8429
0.53,0.99,11.935
0.08,0.54,6.3163
0.71,0.75,9.4391
0.9,0.79,7.557
0.5,0.69,10.751
0.67,0.56,9.1556
0.1,0.51,6.4245
0.09,0.81,7.5868
0.16,0.54,7.114
0.37,0.5,9.3203
0.5,0.43,9.6784
0.54,0.69,10.727
0.69,0.01,6.7613
0.35,0.46,8.99
0.32,0.98,10.685
0.72,0.13,6.9196
0.88,0.61,6.9537
0.69,0.3,7.902
0.55,0.74,10.904
0.4,0.15,8.2789
0.27,0.58,8.6136
0.58,0.92,11.313
0.96,0.93,7.84
0.07,0.13,4.7156
0.85,0.75,8.0033
0.7,0.35,8.0623
0.42,0.35,9.2115
0.94,0.89,7.6459
0.04,0.19,4.8707
0.58,0.82,10.93
0.92,0.1,4.5769
0.28,0.29,7.5044
0.07,0.93,7.9813
1,0.9,7.6963
0.95,0.71,6.8758
0.67,0.17,7.6555
0.81,0.77,8.3475
0.8,0.99,9.3744
0,0.86,7.4352
0.55,0.32,9.2204
0.77,0.64,8.3989
0.86,0.64,7.2887
0.84,0.36,6.3066
0.48,0.57,10.393
0.91,0.88,7.8605
0.1,0.16,4.9471
0.39,0.69,10.32
0.54,1,11.928
0.77,0.19,6.5165
0.79,0,5.5562
0.22,0.26,6.7193
0.95,0.88,7.6291
0.08,0.88,7.7438
0.08,0.07,4.5893
0.74,0.17,6.9281
0.41,0.67,10.346
0.76,0.42,7.6007
0.83,0.41,6.6544
0.91,0.72,7.2375
0.92,0.52,6.3653
0.03,0.1,4.4183
0.11,0.92,8.0746
0.09,0.16,4.9985
0.49,0.57,10.249
0.71,0.21,7.3363
0.61,0.45,9.3341
0.43,0.16,8.386
0.74,0.57,8.3878
0.87,0.21,5.4136
0.41,0.57,9.9681
0.25,0.12,6.4548
0.47,0.16,8.5709
0.41,0.38,9.245
0.9,0.84,7.6145
0.98,0.79,7.1546
0.77,0.47,7.6602
0.87,0.41,6.2792
0.65,0.21,8.0153
0,0.91,7.6189
0.2,0.2,6.0842
0.7,0.13,7.1597
0.48,0.67,10.604
0.69,0.07,6.9864
0.42,0.79,10.895
0.21,0.45,7.3956
0.6,0.81,10.891
0.66,0.88,10.564
0.89,0.95,8.2822
0.26,0.26,7.1919
0.55,0.41,9.5803
0.93,0.04,4.3264
0.55,0.89,11.492
0.37,0.17,8.1691
0.08,0.22,5.1757
0.52,0.33,9.2352
0.51,0.44,9.8254
0.51,0.25,9.061
0.25,0.27,7.0555
0.05,0.72,6.9775
0.07,0.31,5.4583
0.55,0.77,10.945
0.9,0.19,5.2037
0.18,0.59,7.5074
0.79,0.15,6.0551
0.04,0.54,6.2158
0.59,0.44,9.4971
0.25,0.74,9.0477
0.54,0.54,10.105
0.09,0.58,6.5406
0.75,0.85,9.4686
0.22,0.08,5.8678
0.35,0.26,8.1191
0.55,0,7.8407
0.28,0.87,9.9262
0.74,0.36,7.5341
0.54,0.5,9.9696
0.98,0.31,5.27
0.6,0.66,10.267
0.36,0.43,9.0367
0.01,0.72,6.8962
0.68,0.64,9.3663
0.23,0.38,7.2733
0.79,0.24,6.5579
0.77,0.22,6.5995
0.87,0.27,5.6791
0.39,0.7,10.38
0.94,0.22,4.9596
0.63,0.06,7.6325
0.56,0.73,10.726
0.42,0.03,7.9076
0.37,0.07,7.6416
0.58,0.14,8.1809
0.64,0.62,9.7586
0.65,0.74,10.065
0.67,0.81,10.221
0.92,0.87,7.6258
0.12,0.55,6.6568
0.42,0.09,8.2313
0.93,0.12,4.7055
0.26,0.35,7.5864
0.58,0.2,8.5829
0.25,0.91,9.6258
0.67,0.14,7.4383
0.87,0.53,6.7324
0.97,0.38,5.4636
0.19,0.79,8.4722
0.89,0.98,8.4231
0.3,0.53,8.8292
0.11,0.1,4.8448
0.33,0.79,10.073
0.21,0.69,8.3031
0.51,0.28,9.2266
0.24,0.28,7.0291
0.03,0.52,6.113
0.46,0.23,8.8854
0.34,0.12,7.61
0.18,0.73,8.1219
0.72,0.22,7.3669
0.32,0.76,9.9518
0.58,0.17,8.4474
0.75,0.45,7.6936
0.9,0.98,8.3315
0.37,0.63,9.8538
0.8,0.38,6.9493
0.32,0.09,7.2389
0.95,0.48,6.0021
0.04,0.09,4.461
0.3,0.01,6.7102
0.49,0.61,10.482
0.41,0.97,11.635
0.25,0.63,8.4587
0.21,0.33,6.8109
0.06,0.62,6.6306
0.91,0.21,5.1572
0.15,0.27,5.8438
0.13,0,4.6574
0.94,0.8,7.3377
0.35,1,11.205
0.36,0.49,9.2248
0.81,0.38,6.78
0.69,0.08,6.9658
0.38,0.08,7.8291
0.94,0.01,4.2372
0.92,0.77,7.3019
0.63,0.78,10.446
0.22,0.13,6.2008
0.75,0.78,9.2971
0.33,0.28,8.0829
0.85,0.84,8.1823
0.27,0.65,8.8319
0.22,0.02,5.6918
0.42,1,11.786
0.81,0.69,8.0064
0.01,0.28,5.3026
0.56,0.88,11.304
0.29,0.95,10.311
0.29,0.78,9.5377
0.08,0.68,6.8535
0.45,0.07,8.2264
0.17,0.42,6.6734
0.2,0.03,5.605
0.55,0.1,8.3426
0.55,0.79,11.08
0.99,0.72,6.7957
0.83,0.99,9.0219
1,0.75,6.8955
0.64,0.04,7.5058
0.03,0.62,6.5786
0.39,0.11,8.0303
0.59,0.41,9.3792
0.74,0.01,6.1604
0.97,0.84,7.4351
0.04,0.15,4.7247
0.21,0.19,6.2444
0.92,0.3,5.3866
0.16,0.06,5.1839
0.3,0.5,8.6308
0.24,0.04,5.9547
0.32,0.81,10.185
0.53,0.5,9.917
0.75,0.27,7.081
0.76,0.2,6.7883
0.08,0.92,7.8931
0.09,0.6,6.7308
0.63,0.94,11.154
0.35,0.45,8.9074
0.28,0.67,9.1474
0.05,0.61,6.5557
0.08,0.9,7.7609
0.57,0.29,9.0473
0.18,0.12,5.6498
0.06,0.6,6.4769
0.95,0.52,6.2705
0.59,0.11,8.2058
0.08,0.51,6.3821
0.57,0.95,11.594
0.62,0.32,8.6618
0.52,0.87,11.501
0.13,0.33,5.9775
0.53,0.24,8.9579
0.89,0.56,6.6972
0.85,0.59,7.153
1,0.64,6.4764
0.29,0.35,7.9599
0.12,0.99,8.5276
0.92,0.43,6.0124
0.96,0.36,5.3729
0.4,0.01,7.707
0.26,0.15,6.8912
0.38,0.94,11.243
0.92,0.82,7.5212
0.53,0.54,10.088
0.74,0.4,7.7987
0.1,0.91,8.126
0.16,0.49,6.921
0.52,0.91,11.548
0.15,0.38,6.2131
0.81,0.15,5.8314
0.56,0.64,10.402
0.12,0.13,5.0765
0.1,0.43,5.9938
0.34,0.27,8.2146
0.51,0.59,10.294
0.64,0.11,7.7594
0.63,0.84,10.681
0.85,0.95,8.6753
0.2,0.13,5.8521
0.24,0.06,6.154
0.73,0.26,7.3122
0.32,0.07,7.2658
0.71,0.17,7.151
0.82,0.09,5.5422
0.72,0.6,8.7704
0.09,0.71,7.2007
0.79,0.94,9.2212
0.28,0.2,7.1384
0.68,0.95,10.663
0.62,0.38,8.9074
0.61,0.58,9.8531
0.25,0.47,7.807
0.9,0.52,6.4396
0.93,0.93,7.8547
0.17,0.31,6.2317
0.28,0.1,6.7152
0.92,0.26,5.2449
0.64,0.16,7.903
0.84,0.93,8.6769
0.09,0.99,8.3353
0.49,0.43,9.6646
0.28,0.24,7.2665
0.97,0.03,4.2292
0.1,0.29,5.546
0.64,0.07,7.4653
0.95,0.16,4.7906
0.09,0.37,5.8173
0.65,0.82,10.404
0.89,0.4,6.1342
0.12,0.91,8.1812
0.57,0.7,10.726
0.96,0.52,6.2426
0.13,0.44,6.42
0.62,0.66,10.127
0.84,0.25,5.9814
0.85,0.77,7.8169
0.32,0.24,7.8059
0.97,0.31,5.1968
0.5,0.25,9.0115
0.24,0.45,7.6603
0.7,0.8,9.7746
0.84,0.24,5.8707
0.56,0.86,11.403
0.79,0.21,6.3512
0.94,0.71,6.9174
0.66,0.83,10.386
0.59,0.59,10.006
0.48,0.84,11.278
0.87,0.94,8.2237
1,0.23,4.8738
0.7,0.98,10.6
0.48,0.33,9.2468
0.85,0.72,7.6494
0.12,0.05,4.8078
0.65,0.65,9.9138
0.3,0.25,7.6213
0.51,0.72,10.942
0.35,0.53,9.2913
0.21,0.49,7.4267
0.91,0.41,5.9307
0.21,0.31,6.8075
0.09,0.28,5.4564
0.44,0.97,11.698
0.03,0.28,5.1774
0.47,0.14,8.4525
0.54,0.23,8.8157
0.25,0.87,9.464
0.29,0.54,8.7118
0.88,0.42,6.2441
1,0.55,6.1671
0.59,0.06,7.9803
0.32,0.88,10.329
0.15,0.98,8.7163
0.75,0.01,6.0621
0.58,0.4,9.3241
0.81,0.64,7.8266
0.71,0.89,10.032
0.76,0.89,9.4278
0.45,0.8,11.159
0.35,0.21,7.9146
0.99,0.15,4.5419
0.71,0.99,10.512
0.41,0.8,10.897
0.53,0.92,11.667
0.83,0.82,8.4023
0.61,0.73,10.471
0.46,0.83,11.27
0.05,0.71,6.9324
0.43,0.67,10.516
0.86,0.39,6.2239
0.77,0.75,8.7764
0.36,0.66,9.8293
0.78,0.37,7.0404
0.32,0.72,9.752
0.41,0.2,8.4896
0.72,0.99,10.306
0.77,0.4,7.3005
0.77,0.51,7.7735
0,0.17,4.6971
0.51,0.42,9.8212
0.38,0.93,11.224
0.13,0.66,7.2657
0.08,0.28,5.358
0.67,0.97,10.87
0.27,0.23,7.2017
0.9,0.55,6.6081
0.2,0.99,9.2715
0.53,0.96,11.714
0.28,0.94,10.214
0.02,0.09,4.4108
0.7,0,6.539
0.77,0.21,6.574
0.46,0.79,11.041
0.97,0.04,4.1897
0.72,0.14,6.9139
0.27,0.76,9.3758
0.38,0.04,7.6316
0.43,0.75,10.706
0.37,0.74,10.38
0.14,0.27,5.8652
0.22,0.79,8.779
0.31,0.84,10.114
0.33,0.22,7.8823
0.43,0.18,8.6056
0.67,0.04,7.1295
0.29,0.93,10.173
0.79,0.55,7.7675
0.27,0.84,9.649
0.46,0.97,11.842
0.26,0.13,6.6809
0.18,0.23,6.0843
0.26,0.18,6.9751
0.49,0.22,8.7939
0.95,0.08,4.386
0.1,0.99,8.2322
0.74,0.2,7.0246
0.88,0.7,7.3339
0.2,0.01,5.5397
0.77,0.6,8.1363
0,0.98,7.8877
0.06,0.25,5.1407
0.29,0.47,8.3693
0.06,0.06,4.4928
0.43,0.12,8.2988
0.3,0.6,9.0741
0.61,0.13,7.9895
0.75,0.44,7.7492
0.17,0.93,8.7362
0.37,0.8,10.614
0.12,0.34,5.8828
0.18,0.76,8.2042
0.01,0.39,5.6127
0.31,0.75,9.6721
0,0.47,5.8848
0,0.89,7.4775
0.63,0.24,8.3027
0.27,0.49,8.2661
0.91,0.75,7.2452
0.22,0.85,9.0823
0.55,0.56,10.146
0.19,0.55,7.5372
0.96,0.17,4.6173
1,0.03,4.0591
0.52,0.68,10.634
0.27,0.97,10.158
0.19,0.14,5.7925
0.34,0.15,7.6851
0.55,0.24,8.8743
0.32,0.4,8.477
0.02,0.69,6.7557
0.45,0.86,11.243
0.89,0.53,6.5015
0.44,0.78,10.907
0.2,0.45,7.1154
0.01,0.47,5.8696
0.19,0.93,8.9049
0.64,0.17,7.8749
0.88,0.78,7.5539
0.53,0.77,10.984
0.54,0.34,9.302
0.63,0.14,7.8897
0.2,0.62,7.8913
0.46,0.76,10.947
0.08,0.95,8.1047
0.27,0.21,7.2154
0.04,0.48,6.0243
0.61,0.14,8.027
0.37,0.37,8.9028
0.96,0.11,4.5023
0.06,0.94,7.8091
0.95,0.98,7.8896
0.58,0.03,7.8569
0.51,0.65,10.6
0.7,0.53,8.7974
0.97,0.49,6.0733
0.65,0.87,10.5
0.67,0.02,7.0848
0.95,0.92,7.75
0.26,0.57,8.5217
0.34,0.71,9.9252
0.17,0.25,5.9492
0.17,0.16,5.7767
0.54,0.73,10.798
0.56,0.18,8.4689
0.73,0.01,6.2379
0.42,0.28,8.6914
0.61,0.28,8.7099
0.11,0.32,5.7309
0,0.45,5.7673
0.7,0.82,9.9048
0.96,0.75,7.0455
0.09,0.39,5.799
0.25,0.15,6.5326
0.85,0.68,7.5523
0.41,0.23,8.5714
0.66,0.89,10.622
0.76,0.3,7.0857
0.55,0.93,11.613
0.63,0.65,9.9438
0.92,0.4,5.8916
0.86,0.8,7.8951
0.66,0.84,10.405
0.24,0.86,9.2848
0.79,0.86,8.9609
0.82,0.6,7.5917
0.16,0.46,6.7573
0.02,0.86,7.4481
0.68,0.42,8.5901
0.23,0.31,6.9897
0.44,0.89,11.435
0.12,0.86,7.9997
0.59,0.05,7.9852
0.54,0.66,10.578
0.94,0.27,5.1759
0.45,0.13,8.5555
0.68,0.49,8.8589
0.79,0.22,6.3142
0.59,0.8,10.942
0.72,0.62,8.756
0.62,0.64,9.9516
0.19,0.12,5.733
0.68,0.51,8.9417
0.09,0.79,7.4435
0.44,0.64,10.416
0.84,0.19,5.697
0.03,0.71,6.8955
0.28,0.45,8.1496
0.35,0.28,8.3122
0.15,0.08,5.1795
0.4,0.4,9.3407
0.68,0.37,8.3531
0.6,0.45,9.4093
0.91,0.29,5.5354
0.1,0.98,8.3731
0.65,0,7.1681
0.41,0.3,8.8459
0.28,0.58,8.7687
0.15,0.5,6.8718
0.39,0.74,10.562
0.79,0.75,8.5637
0.1,0.62,6.752
0.86,0.86,8.2508
0.66,0.63,9.5404
0.75,0.07,6.2856
0.38,0.29,8.6224
0.39,0.44,9.2137
0.01,0.17,4.727
0.46,0,7.9473
0.75,0.41,7.6147
0.17,0.85,8.442
0.82,0.03,5.3787
0.15,0.68,7.5688
0.11,0.25,5.3605
0.96,0.88,7.5151
0.15,0.62,7.3482
0.62,0.17,8.1887
0.19,0.02,5.4083
0.49,0.24,8.8834
0.56,0.12,8.2692
0.86,0.17,5.4743
0.39,0.49,9.5091
0.08,0.64,6.7412
0.18,0.94,8.9001
0.23,0.84,9.0794
0.16,0.81,8.1239
0.07,0.88,7.7406
0.8,0.22,6.2795
0.43,0.39,9.316
0.42,0.92,11.438
0.27,0.91,9.9233
0.61,0.55,9.7437
0.32,0,6.9375
0.96,0.44,5.8431
0.94,0.72,6.9939
0.12,0.07,4.9332
0.78,0.61,8.0229
0.91,0.93,7.9343
0.6,0.14,8.1099
0.1,0.54,6.5262
0.14,0.18,5.5175
0.28,0.98,10.272
0.23,0.18,6.3651
0.26,0.97,9.9675
0.28,0.12,6.9531
0.65,0.88,10.699
0.24,0.17,6.6374
0.81,0.67,7.955
0.6,0.9,11.136
0.83,0.39,6.6092
0.28,0.36,7.8353
0.96,0.1,4.3478
0.45,0.54,10.108
0.51,0.18,8.7805
0.25,0.98,9.8718
0.67,0.31,8.2916
0.05,0.59,6.5773
0.08,0.08,4.5397
0.76,0.35,7.2936
0.87,0.78,7.7492
0.71,0.9,10.12
0.97,0.59,6.4252
0.29,0.75,9.5568
0.93,0.68,7.0361
0.72,0.06,6.4778
0.03,0.37,5.479
0.31,0.23,7.6413
0.35,0.11,7.5588
0.1,0.83,7.7223
0.03,0.16,4.6536
0.91,0.6,6.6977
0.66,0,7.0846
0.55,0.29,9.0199
0.17,0.53,7.2007
0.2,0.83,8.7834
0.93,0.26,5.2809
0.36,0.28,8.3552
0.14,0.77,7.7753
0.93,0.1,4.577
0.58,0.46,9.579
0.59,0.66,10.29
0.67,0.25,8.0321
0.48,0.2,8.7975
0.86,0.4,6.2626
0.75,0.02,6.1618
0,0.11,4.4998
0.59,0.86,11.271
0.33,0.83,10.265
0.56,0.6,10.266
0.64,0.52,9.3281
0.32,0.27,7.9095
0.02,0.8,7.147
0.84,0.76,7.9894
0.48,0.09,8.3986
0.2,0.82,8.6467
0.27,0.27,7.2688
0.04,0.73,7.0484
0.67,0.99,10.862
0.78,0.46,7.5363
0.74,0.13,6.7008
0.46,0.95,11.737
0.74,0.67,8.7626
0.53,0.94,11.788
0.84,0.49,6.9364
0.14,0.52,6.8925
0.74,0.6,8.5113
0.63,0.59,9.7228
0.46,0.18,8.5422
0.35,0.84,10.517
0.21,0.43,7.168
0.82,0.5,7.1314
0.88,0.77,7.6056
0.26,0.58,8.3865
0.62,0.54,9.6861
0.39,0.79,10.653
0.05,0.37,5.5165
0.75,0.49,8.0103
0.37,0.67,9.9784
0.52,0.48,9.8274
0.36,1,11.277
0.84,0.6,7.1839
0.21,0.37,6.9043
0.03,0.75,7.0099
0.97,0.43,5.661
0.72,0.51,8.3453
0.19,0.69,8.0255
0.95,0.76,7.1198
0.41,0.24,8.5444
0.52,0.2,8.8271
0.97,1,8.0935
0.78,0.89,9.1758
0.9,0.49,6.3376
0.07,0.66,6.8299
0.2,0.41,7.0526
0.26,0.95,9.9211
0.58,0.34,9.0716
0.42,0.04,7.8897
0.96,0.89,7.6362
0.65,0.89,10.735
0.9,0.34,5.7595
0.38,0.21,8.1504
0.45,0.24,8.8371
0.51,0.89,11.542
0.57,0.66,10.467
0.14,0.17,5.4965
0.18,0.49,7.0298
1,0.58,6.2805
0.21,0.52,7.555
0.86,0.92,8.3795
1,0.44,5.7804
0.96,0.72,6.948
0.33,0.39,8.5859
0.48,0.1,8.3919
0.22,0.72,8.5069
0.19,0.31,6.4876
0.52,0.46,9.8728
0.39,0.77,10.646
0.09,0.98,8.265
0.19,0.78,8.4107
0.55,0.12,8.3935
0.71,0.16,7.1216
0.02,0.89,7.6277
0.61,0.79,10.719
0.49,0.91,11.569
0.91,0.02,4.3358
0.66,0.02,7.2123
0.52,0.89,11.61
0.35,0.71,10.09
0.48,0.23,8.8784
0.98,0.16,4.6672
0.03,0.26,5.0512
0.74,0.54,8.3276
0.78,0.9,9.2625
0.78,0.48,7.5316
0.59,0.35,9.0824
0.88,0.59,6.8616
0.54,0.44,9.7571
0.8,0.33,6.6404
0.98,0.63,6.4996
0.1,0.61,6.803
0.24,0.69,8.548
0.1,0.59,6.7071
1,0.21,4.8134
0.51,0.82,11.202
0.89,0.92,8.1794
0.02,0.39,5.6151
0.74,0.55,8.3273
0.53,0.37,9.4071
0.85,0.2,5.5568
0.95,0.84,7.4808
0.41,0.66,10.364
0.21,0.66,8.1516
0.23,0.17,6.4403
0.3,0.57,8.9394
0.81,0.75,8.3025
0.76,0.66,8.4771
0.61,0.74,10.543
0.71,0.27,7.5663
0.54,0.59,10.295
0.98,0.03,4.0584
0.25,0.93,9.6669
0.15,0.89,8.3161
0.6,0.09,7.9383
0.92,0.04,4.4246
0.8,0.79,8.573
0.23,0.34,7.1259
1,0.87,7.6235
0.93,0.65,6.7988
0.1,0.78,7.4467
0.13,0.71,7.5476
0.18,0.36,6.5219
0.64,0.44,8.9705
0.53,0.43,9.7161
0.43,0.11,8.2417
0.92,0.39,5.8563
0.79,0.34,6.9336
0.08,0.05,4.4696
0.52,0.49,10.063
0.98,0.75,6.8861
0.15,0.9,8.2897
0.62,0.55,9.6108
0.56,0.92,11.485
0.83,0.51,7.1366
0.06,0.2,4.9838
0.65,0.22,8.1108
0.59,0.73,10.58
0.6,0.55,9.8352
0.3,0.09,7.0289
0.12,0.11,5.0164
0.43,0.91,11.386
0.35,0.02,7.2391
0.08,0.91,7.833
0.62,0.26,8.4986
0.53,0.29,9.0009
0.05,0.11,4.5181
0.09,0.73,7.2388
0.83,0.5,6.9621
0.86,0.05,4.7845
0.16,0.32,6.2659
0.67,0.4,8.55
0.35,0.39,8.6955
0.61,0.43,9.2141
1,0.31,5.3162
0.91,0.39,5.7702
0.57,0.42,9.46
0.59,0,7.6598
0.55,0.86,11.35
0.85,0.11,5.2748
1,0.56,6.2833
0.78,0.44,7.4666
0.32,0.69,9.566
0.88,0.29,5.7326
0.4,0.87,11.058
0.81,0.99,9.3023
0.17,0.39,6.6814
0.32,0.37,8.3853
0.91,0.07,4.5382
0.52,0.69,10.682
0.18,1,9.1707
0.11,0.14,4.9962
0.75,0.55,8.1443
0.69,0.03,6.8645
0.44,0.35,9.151
0.1,0.38,5.9825
0.36,0.74,10.241
0.2,0.93,9.2118
0.83,0.63,7.5248
0.75,0.16,6.738
0.7,0.18,7.248
0.31,0.45,8.4891
0.82,0.57,7.4715
0.1,0.14,4.9614
0.76,0.54,8.0674
0.6,0.99,11.639
0.98,0.92,7.7198
0.1,0.67,7.0892
0.75,0.72,8.8346
0.3,0.18,7.4507
0.66,0.24,8.0335
0.37,0.38,8.9498
0,0.67,6.6339
0.12,0.3,5.7404
0.15,0.24,5.7332
0.22,0.65,8.2768
0.36,0.33,8.6125
0.27,0.2,6.9425
0.16,0.5,6.8897
0.78,0.53,7.8273
0.5,0.07,8.2321
0.83,0.64,7.5808
0.17,0.83,8.3269
0.41,0.22,8.5209
0.94,0.7,7.0121
0.02,0.92,7.6887
0.53,0.51,9.9503
0.34,0.3,8.2706
0.79,0.1,5.9023
0.29,0.38,8.0945
0.04,0.57,6.3792
0.41,0.07,8.0811
0.71,0.92,10.253
0.79,0.68,8.2598
0.22,0.9,9.214
0.93,0.58,6.4254
0.15,0.59,7.192
0.19,0.28,6.4706
0.04,0.49,6.0527
0.9,0.27,5.4736
0.48,0.41,9.5943
0.58,0.85,11.054
0.33,0.01,6.9888
0.33,0.6,9.4018
0.17,0.74,7.9331
0.82,0.31,6.3416
0.16,0.59,7.2794
0.91,0.62,6.7331
0.05,0.66,6.7892
0.5,0.13,8.4791
0.43,0.53,9.8957
0.53,0.11,8.3701
0.07,0.71,7.1239
0.98,0.87,7.5147
0.45,0.57,10.209
0.29,0.49,8.4526
0.64,0.96,11.087
0.45,0.08,8.258
0.4,0.95,11.413
0.98,0.3,5.2811
0.29,0.68,9.3278
0.16,0.85,8.1999
0.33,0.63,9.4425
0.19,0.3,6.3917
0.05,0.87,7.6296
0.74,0.84,9.4837
0.33,0.05,7.1397
0.58,0.05,7.8661
0.84,0.33,6.2052
0.75,0.69,8.7552
0.42,0.36,9.2113
0.24,0.56,8.0201
0.91,0.51,6.3749
0.98,0.43,5.7554
0.42,0.4,9.3968
0.92,0.46,6.0544
0.89,0.12,4.9531
0.72,0.55,8.5673
0.69,0.23,7.7127
0.44,0.28,9.0639
0.23,0.03,5.8494
0.29,0.43,8.2272
0.96,0.6,6.4472
0.88,0.94,8.2832
0.66,0.5,9.0564
0.74,0.93,9.8462
0.06,0.07,4.5073
0.29,0.7,9.2819
0,0.63,6.5167
0.15,0.39,6.2967
1,0.08,4.3848
0.21,0.71,8.3296
0.65,0.39,8.6863
0.3,0.45,8.3305
0.47,0.43,9.7297
0.36,0.01,7.343
0.64,0.29,8.4177
0.29,0.88,10.034
0.5,0.34,9.2882
0.61,0.06,7.8212
0.1,0.01,4.433
0.37,0.58,9.6041
0.62,0,7.4854
0.26,0.88,9.7247
0,0.44,5.8384
0.13,0.03,4.7614
0.65,1,11.203
0.13,0.92,8.3754
0.88,0.85,7.9377
0.27,0.89,9.783
0.28,0.23,7.1996
0.15,0.82,8.0933
0.49,0.63,10.489
0.3,0.65,9.2442
0.43,0.6,10.267
0.39,0.54,9.7357
0.94,0.18,4.8951
0.98,0.56,6.2805
0.06,0.37,5.5946
0.95,0.47,5.975
0.99,0.99,7.8308
0.05,0.07,4.4324
0.82,0.72,8.0572
0.29,0.76,9.4275
0.58,0.54,9.9503
0.4,0.85,11.015
0.5,0.1,8.3657
0.97,0.53,6.1868
0.63,0.56,9.6836
0.45,0.31,9.197
0.52,0.4,9.5037
0.67,0.93,10.743
0.54,0.14,8.5525
0.77,0.5,7.7277
0.58,0.43,9.5025
0.15,0.43,6.6184
0.4,0.86,11.132
0,0.15,4.6013
0.52,0.43,9.6281
0.23,0.22,6.5938
0.47,0.98,11.918
0.63,0.1,7.7858
0.61,0.77,10.657
0.66,0.8,10.135
0.63,1,11.359
0.42,0.51,9.8115
0.84,0.79,8.0132
0.48,0.73,10.822
0.66,0.16,7.7738
0.81,1,9.2584
0.54,0.3,9.0936
0.27,0.47,8.129
0.4,0.91,11.19
0.54,0.81,11.205
0.41,0.7,10.538
0.68,0.79,9.9996
0.27,0.01,6.2354
0.12,0.65,7.1787
0.88,0.6,6.9293
0.42,0.61,10.28
0.96,0.33,5.3386
0.79,0.51,7.4567
0.75,0.35,7.4006
0.66,0.25,8.0907
0.26,0.27,7.1888
0.21,0.48,7.4194
0.77,0.44,7.5026
0.25,0.52,8.1772
0.91,0.59,6.6262
0.53,0.3,9.207
0.06,0.1,4.5451
0.84,0.82,8.1925
0.41,0.93,11.359
0.19,0.13,5.9176
0.23,0.54,7.9251
0.95,0.37,5.5143
0.6,0.05,7.8022
0.85,0.61,7.1366
0.02,0.48,5.8225
0.35,0.88,10.721
0.22,0.5,7.5478
0.01,0.79,7.2463
0.75,0.96,9.8466
0.39,0.07,7.6848
0.16,0.05,5.2515
0.18,0.81,8.4406
0.62,0.35,8.8005
0.68,0.3,8.0537
0.78,0.71,8.4572
0.33,0.41,8.5537
0.05,0.41,5.7671
0.35,0.65,9.8354
0.33,0.97,10.812
0.56,0.03,8.0251
0.39,0.29,8.7423
0.26,0.2,6.9111
0.5,0.53,10.173
0.52,0.28,9.2246
0.18,0.39,6.6643
0.34,0.88,10.638
0.98,0.24,4.9867
0.32,0.64,9.377
0.73,0.31,7.4942
0.02,0.54,6.1241
0.89,0.31,5.6364
0.41,0.92,11.374
0.21,0.25,6.5496
0.31,0.55,8.9257
0.97,0.1,4.4051
0.73,0.5,8.1974
0.83,0.92,8.6847
1,0.88,7.6853
0.99,0.97,7.9561
0.96,0.84,7.386
0.03,0.74,6.9724
0.88,0.36,5.9459
0.19,0.48,7.0599
0.46,0.65,10.524
0.97,0.07,4.2315
0.06,0.04,4.3195
0.72,0.7,9.1817
0.02,0.55,6.2759
0.56,0.7,10.649
0.38,0.54,9.6858
0.31,0.87,10.191
0.87,0.24,5.6101
0.88,0.17,5.1029
0.14,0.29,5.9227
0.67,0.23,7.8378
0.98,0.7,6.7431
0.27,0.22,7.1949
0.92,0.28,5.3478
0.84,0.3,6.1825
0.54,0.6,10.402
0.04,0.53,6.1546
0.37,0.6,9.633
0.83,0.38,6.5903
0.33,0.15,7.6331
0.23,0.74,8.6413
0.01,0.74,6.9412
0.21,0.93,9.2148
0.01,0.89,7.4642
0.01,0,4.0918
0.62,0.98,11.274
0.67,0.27,8.1206
0.15,0.46,6.7687
0.06,0.3,5.3221
0.97,0.79,7.206
0.83,0.12,5.5837
0.3,0.02,6.6745
0.6,0.97,11.51
0.15,0.28,6.0619
0.18,0.1,5.4583
0.19,0.98,9.1434
0.31,0.03,6.7957
0.45,0.04,8.1818
0.18,0.28,6.3201
0.64,0.99,11.285
0.53,0.39,9.4671
0.67,0.6,9.3371
0.05,0.13,4.6586
0.06,0.01,4.158
0.89,0.89,8.0092
0.16,0.09,5.2883
0.89,0.35,5.8294
0.13,0.07,4.7838
0.85,0.3,6.0118
0.42,0.67,10.399
0.78,0.72,8.485
0.18,0.96,9.0042
0.15,0.53,6.927
0.58,0.67,10.359
0.59,0.6,9.9683
0.69,0.55,8.8438
0.63,0.95,11.158
0.75,0.36,7.4234
0.66,0.31,8.3133
0.17,0.95,8.8397
0.84,0.44,6.662
0.44,0.39,9.4389
0.73,0.58,8.674
0.86,0.12,5.2585
0.5,0.06,8.21
0.39,0.59,9.8663
0.01,0.15,4.6144
0.67,0.37,8.4903
0.22,0.16,6.2623
0.2,0.14,5.9739
0.46,0.46,9.8028
0.88,0.3,5.7062
0.53,0.97,11.81
0.83,0.69,7.7676
0.07,0.19,4.9471
0.02,0.27,5.0536
0.16,0.24,5.8549
0.56,0.54,10.003
0.72,0.96,10.164
0.94,0.26,5.324
0.85,0.8,8.0811
0.15,0.01,4.8737
0.92,0.09,4.6864
0.28,0.59,8.788
0.81,0.49,7.2549
0.95,0,4.0137
0.23,0.87,9.2529
0.88,0.69,7.2532
0.09,0.43,6.0177
0.37,0.3,8.6501
0.78,0.65,8.1632
0.54,0.13,8.4383
0.03,0.4,5.5844
0.8,0.98,9.2025
0.04,0.18,4.74
0.64,0.68,10.056
0.08,0.62,6.7566
0.8,0.66,8.0515
0.37,0.26,8.4641
0.75,0.65,8.6407
0.17,0,4.9802
0.72,0.44,8.2321
0.31,0.47,8.6259
0.52,0.9,11.615
0.52,0.78,11.091
0.32,0.22,7.6818
0.78,0.18,6.2601
0.07,0.25,5.159
0.6,0.28,8.7309
0.51,0.73,10.888
1,0.77,7.1559
0.86,0.62,7.25
0.32,0.21,7.751
0.56,0.36,9.2669
0.61,0.98,11.534
0.08,0.72,7.1459
0.88,0.96,8.2724
0.8,0.18,6.1523
0.38,0.98,11.378
0.51,0.13,8.5579
0.29,0.72,9.4478
0.85,0.02,4.9335
0.01,0.7,6.815
0.44,0.94,11.668
0.14,0.65,7.3739
0.38,0.2,8.2128
0.88,0.63,7.0546
0.7,0.07,6.9206
0.73,0.87,9.699
0.28,0.42,7.9485
0.88,0.22,5.4094
0.8,0.17,6.068
0.06,0.91,7.8243
0.18,0.62,7.5953
0.62,0.85,10.922
0.88,0.47,6.4065
0.02,0.33,5.4183
0.08,0.77,7.3707
0.6,0.13,8.2002
0.54,0.41,9.6691
0.73,0.36,7.7385
0.7,0.75,9.5985
0.84,0.64,7.4408
0.83,0.08,5.4099
0.79,0.41,7.1564
0.15,0.13,5.2989
0.3,0.73,9.4834
0.56,0.39,9.3156
0.21,0.74,8.4464
0.51,0.51,9.9648
0.92,0.42,5.9383
0.48,0.44,9.731
0.8,0.1,5.7601
0.19,0.32,6.4832
0.48,0.79,11.292
0.02,0.19,4.7897
0.9,0.12,4.9022
0.23,0.68,8.4311
0.07,0.33,5.5143
0.67,0.12,7.4589
0.36,0.05,7.4306
0.33,0.42,8.5973
0.68,0.02,6.8816
0.98,0.84,7.3786
0.76,0.65,8.4806
0.47,0.5,9.9169
0.36,0.18,7.953
0.1,0.44,6.1666
0.81,0.19,5.9663
0.17,0.21,5.8771
0.58,0.78,10.937
0.56,0.99,11.813
0.17,0.56,7.1992
0.92,0.75,7.3327
0.78,0.6,8.0541
0.36,0.64,9.775
0.09,0.04,4.5384
0.32,0.33,8.143
0.97,0.95,7.8954
0.85,0.88,8.3128
0.02,0.64,6.4644
0.54,0.95,11.745
0,0.2,4.7798
0.3,0.22,7.5469
0.26,0.63,8.5573
0.01,0.25,5.0808
0.99,0.35,5.4747
0.44,0.49,9.9134
0.13,0.11,5.1225
0.42,0.84,11.185
0.31,0.4,8.3549
0.09,0.32,5.5253
0.19,0.59,7.5384
0.97,0.98,7.9358
0.52,0.97,11.922
0.66,0.92,10.822
0.34,0.47,8.9972
0.27,0.53,8.3396
0.92,0.02,4.2841
0.1,0.5,6.3987
0.33,0.78,10.181
0.25,0.33,7.2537
0.3,0.12,7.0936
0.6,0.2,8.3917
0.58,0.52,9.9343
0.89,0.18,5.0962
0.36,0.54,9.4759
0.78,0.55,7.7448
0.31,0.82,9.9869
0.77,0.91,9.3887
0.96,0.06,4.2999
0.82,0.67,7.7684
0.65,0.71,9.9712
0.17,0.33,6.3075
0.04,0.75,6.9598
0.95,0.94,7.8851
0.83,0.49,7.0521
0.63,0.09,7.7589
0.68,0.56,9.1513
0.28,0.51,8.3977
0.4,0.37,9.0558
0.66,0.17,7.7508
0.05,0.74,7.0817
0.5,0.02,8.1159
0.83,0.32,6.3565
0.33,0.5,9.0169
0.3,0,6.5705
0.4,0.84,11.01
0.49,0.65,10.59
0.43,0.77,10.847
0.47,0.91,11.717
0.56,0.21,8.7034
0.12,0.59,6.926
0.88,0.92,8.221
0.1,0.12,4.915
0.26,0.83,9.4664
0.85,0.89,8.2506
0.53,0.8,11.156
0.54,0.83,11.338
0.88,0.49,6.4793
0.66,0.3,8.3016
0.27,0.88,9.7994
0.85,0.03,4.9074
0.7,0.55,8.7889
0.25,0.57,8.228
0.59,0.03,7.7947
0.71,0.03,6.6806
0.57,0.62,10.297
0.15,0.33,6.1684
0.66,0.87,10.615
0.47,0.15,8.5445
1,0.02,4.1477
0.6,0.61,10.144
0.93,0.96,7.9654
0.27,0.24,7.1693
0.96,0.15,4.5855
0.16,0.62,7.3756
0.59,0.18,8.4193
0.97,0.15,4.6665
0.61,0.75,10.54
0.29,0.2,7.2813
0.58,0.47,9.6783
0.54,0.32,9.2987
0.45,0.92,11.562
0.28,0.18,7.1061
0.78,0.34,7.0061
0.52,0.18,8.6316
0.19,0.46,7.0824
0.36,0.1,7.7046
0.01,0.68,6.6967
0.73,0.84,9.6195
0.15,0.29,5.9875
0.93,0.56,6.4365
0.45,0.7,10.738
0.57,0.76,10.859
0.12,0.63,7.0536
0.03,0.05,4.231
0.76,0.17,6.5083
0.11,0.96,8.2843
0.74,0.03,6.2842
0.99,0.64,6.6244
0.97,0.19,4.8575
0.94,0.79,7.275
0.1,0.46,6.2446
0.53,0.69,10.73
0.39,0.32,8.8366
0.39,0.13,8.1008
0.71,0.57,8.798
0.83,0.03,5.1909
0.64,0.05,7.3701
0.84,0.15,5.5099
0.61,0.16,8.2641
0.51,0.63,10.48
0.59,0.53,9.7347
0.86,0.42,6.4582
0.93,0.59,6.5261
0.49,0.01,8.0713
0.04,0.46,5.9892
0.9,0.33,5.7056
0.5,0.57,10.273
0.33,0.2,7.7698
0.72,0.12,6.7994
1,0.18,4.7385
0.16,0.15,5.5957
0.92,0.91,7.8217
0.31,0.72,9.5348
0.05,0.34,5.4282
0.58,0.57,9.9174
0.98,0.14,4.5063
0.61,0.4,9.1494
0.88,0.24,5.4847
0.05,0.52,6.281
0.79,0.64,8.0574
0.93,0.16,4.8329
0.65,0.51,9.224
0.59,0.09,8.1162
0.22,0.54,7.685
0.5,0.49,9.8709
0.3,0.54,8.7657
0.83,0.11,5.5117
0.03,0.03,4.161
0.74,0.5,8.16
0.9,0.71,7.2929
0.87,0.77,7.7305
0.6,0.44,9.4235
0.34,0.03,7.2162
0.76,0.99,9.7266
0.96,0.77,7.1072
0.35,0.35,8.5022
0.79,0.53,7.6291
0.04,0.43,5.8023
0.62,0.62,10.001
0.91,0.82,7.6071
0.05,0.05,4.4461
0.62,0.52,9.5383
0.99,0.95,7.7811
0.67,0.58,9.3073
0.2,0.6,7.734
0.9,0.46,6.2575
0.26,0.75,9.1015
0.9,0.95,8.1782
0.27,0.26,7.3116
0.48,0.53,10.163
0.66,0.28,8.1699
0.61,0.25,8.5269
0.38,0,7.4507
0.83,0.73,7.903
0.51,0.07,8.2497
0.33,0.09,7.3213
0.42,0.14,8.3062
0.86,0.33,5.946
0.34,0.53,9.2322
0.45,0.81,11.058
0.16,0.45,6.6371
0.55,0.46,9.7786
0.73,0.14,6.7888
0.2,0.27,6.4356
0.46,0.56,10.249
0.67,0.82,10.23
0.13,0.84,7.95
0.54,0.19,8.8371
0.38,0.62,9.972
0.87,0.61,7.018
0.86,0.65,7.3261
0.57,0.35,9.1197
0.02,0.24,4.9705
0.35,0.82,10.44
0.89,0.96,8.3962
0.72,0.63,8.8583
0.18,0.9,8.6705
0.14,0.46,6.5789
0.38,0.01,7.4782
0.48,0.87,11.31
0.51,0.36,9.5069
0.62,0.04,7.61
0.88,0.56,6.7999
0.25,0.95,9.852
0.07,0.29,5.4181
0.16,0.76,7.9706
0.74,0.16,6.7692
0.97,0.22,4.9129
0.13,0.8,7.7901
0.18,0.98,9.133
0.32,0.23,7.6564
0.13,0.82,7.8608
0.46,0.07,8.215
0.18,0.48,7.0223
0.99,0.01,3.9793
0.12,0.4,6.1319
0.98,0.5,6.0709
0.27,0.8,9.4027
0.97,0.92,7.8306
0.86,0.56,6.9951
0.29,0.91,10.124
0.71,0.49,8.4609
0.01,0.37,5.3536
0.16,0.94,8.6528
0.64,0.01,7.323
0.53,0.47,9.7984
0.77,0.12,6.2473
0.72,0.38,7.9127
0.14,0.63,7.1191
0.67,0.64,9.5598
0.04,0.77,7.1311
0.26,0.48,8.0236
0.75,0.2,6.7735
0.17,0.36,6.5785
0.03,0.27,5.1348
0.82,0.66,7.8761
0.39,0.89,11.09
0.37,0.84,10.796
0,0.75,7.0534
0.73,0.03,6.3218
0.98,0.58,6.3162
0.48,0.46,9.7031
0.26,0.91,9.7786
0.65,0.03,7.2499
0.79,0.49,7.4931
0.86,0.75,7.7178
0.39,0.37,8.9994
0.77,0.71,8.4485
0.22,0.36,6.9622
0.49,0.32,9.253
0.4,0.11,8.0331
0.8,0.52,7.5174
0.47,0.04,8.1543
0.38,0.8,10.655
0.12,0.69,7.3669
0.97,0.32,5.3167
0.29,0.39,8.1022
0.23,0.45,7.5563
0.56,0.95,11.638
0.01,0.93,7.8033
0.21,1,9.463
0.23,0.09,6.0669
0.15,0.15,5.5161
0.4,0.75,10.622
0.43,0.61,10.155
0.57,0.26,8.8387
0.57,0.96,11.633
0.58,0.76,10.832
0.22,0.22,6.5792
0.1,0.42,6.0805
0.94,0.08,4.4995
0.83,0.87,8.4609
0.02,0.94,7.8033
0.35,0.93,10.885
0.49,0.99,11.899
0.46,0.62,10.46
0.95,0.45,5.8209
0.66,0.23,8.071
0.47,0.51,9.9662
0.02,0.63,6.5509
0.92,0.84,7.6418
0.71,0.08,6.7041
0,0.22,4.8813
0.37,0.27,8.4101
0.72,0.21,7.2359
0.3,0.82,9.922
0.09,0.22,5.181
0.99,0.58,6.3473
0.2,0.16,6.0489
0.39,0.8,10.788
0.45,0.66,10.551
0.73,0.85,9.6537
0.73,0.47,8.0997
0.04,0.84,7.4717
0.43,0.27,8.8454
0.58,0.06,8.0482
0.52,0.45,9.6489
0.25,0.65,8.7274
0.2,0.35,6.8131
0.64,0.58,9.6509
1,0.27,5.0984
0.65,0.76,10.233
0.21,0.03,5.5801
0.55,0.53,10.076
0.5,0.75,11.047
0.43,0.98,11.709
0.94,0.99,7.9845
0.97,0.42,5.7588
0.13,0.13,5.1496
0.64,0.19,8.0776
0.33,0.02,7.0352
0.39,0.4,9.2121
0.13,0.75,7.6521
0.1,0.18,5.1171
0.91,0.28,5.3522
0.11,0.17,5.2454
0.45,0.35,9.2818
0.45,0.99,11.874
0.86,0.55,6.9157
0.36,0.9,10.951
0.5,0.01,8.1413
0.05,0.96,7.798
0.88,0.26,5.5329
0.54,0.02,8.0944
0.76,0.77,8.9711
0.51,0.62,10.382
0.01,0.92,7.7828
0.85,0.94,8.5706
0.95,0.13,4.6261
0.14,0.69,7.4768
0.05,0.73,7.0184
0.72,0.77,9.4141
0.82,0.1,5.5872
0.86,0.68,7.4761
0.54,0.46,9.7786
0.49,0.3,9.2868
0.96,0.05,4.2374
0.84,0.91,8.5611
0.54,0.84,11.194
0.34,0.23,7.9731
0.81,0.21,6.0414
0.8,0.05,5.5849
0.26,0.66,8.7985
0.76,0.03,5.9723
0.1,0.92,8.1278
0.59,0.46,9.4918
0.13,0.95,8.5131
0.7,0.99,10.538
0.64,0.03,7.4188
0.73,0.04,6.3977
0.91,0.78,7.2998
0.35,0.12,7.6397
0.45,0.34,9.287
0.07,0.85,7.6302
0.23,0.5,7.7973
0.96,0.58,6.3836
0.11,0.68,7.1657
0,0.56,6.1921
0.31,0.91,10.336
0.93,0.51,6.2608
0.91,0.7,7.1056
0.94,0.2,5.0022
0.15,0.11,5.2609
0.71,0.68,9.2892
0.22,0.94,9.4127
0.83,0.57,7.3526
0.4,0.82,10.942
0.44,0.36,9.2787
0.32,0.83,10.207
0.08,0.43,6.0812
0.81,0.03,5.2782
0.13,0.79,7.7741
0.37,0.91,11.023
0.75,0.14,6.6261
0.35,0.91,10.961
0.6,0.27,8.6894
0.63,0.25,8.4049
0.54,0.36,9.4321
0.64,0.56,9.5594
0.39,0.03,7.6545
0.43,1,11.849
0.21,0.23,6.41
0.85,0.25,5.7634
0.12,0.94,8.35
0.68,0.46,8.7367
0.22,0.43,7.3674
0.5,0.42,9.6674
0.65,0.44,8.88
0.07,0.51,6.1814
0.84,0.71,7.6718
0.68,0.11,7.3185
0.47,0.44,9.6663
0.31,0.59,9.1143
0.79,0.54,7.6622
0.57,0.37,9.3866
0.33,0.12,7.4056
0.92,0.96,8.1251
0.05,0.48,5.9663
0.35,0.59,9.5917
0.88,0.44,6.2607
0.88,0.38,6.107
0.7,0.89,10.141
0.9,0.29,5.4626
0.45,0.96,11.774
0.33,0.48,8.8452
0.85,0.15,5.3807
0.79,0.58,7.8859
0.44,0.86,11.214
0.17,0.47,6.9481
0.47,0.08,8.2544
0.32,0.68,9.6282
0.47,0.62,10.438
0.93,0.25,5.134
0.53,0.03,8.2083
0.49,0.62,10.46
0.13,0.29,5.8655
0.83,0.6,7.4546
0.37,0.76,10.353
0.41,0.29,8.8417
0.98,0.26,5.0829
0.12,0.95,8.2926
0.07,0.82,7.5668
0.51,0.2,8.8126
0.12,0.06,4.6315
0.16,0.52,7.0182
0.54,0.56,10.256
0.75,0.84,9.4332
0.87,0.5,6.5861
0.53,0.49,9.9124
0.68,0.9,10.431
0.76,0.87,9.3749
0.23,0.94,9.5602
0.99,0.87,7.4462
0.38,0.32,8.7114
0.83,0.89,8.6488
0.74,0.28,7.1899
0.27,0.02,6.2962
0.55,0.65,10.537
0.22,0.91,9.2303
0.32,0.05,7.0149
0.38,0.39,9.084
0.59,0.27,8.7698
0.59,0.43,9.4756
0.74,0.47,8.0102
0.47,0.4,9.544
0.02,0.96,7.8394
0.99,0.24,4.9599
0.86,0.9,8.3168
0.11,0.16,5.0798
1,0.71,6.7295
0.96,0.53,6.3331
0.3,0.47,8.446
0.45,0.95,11.8
0.07,0.61,6.6302
0.21,0.9,9.035
0.64,0.87,10.833
0.88,0.87,8.0061
0.67,0.42,8.7356
0.65,0.67,9.7778
0.79,0.72,8.1737
0.94,0.48,6.1351
0.18,0.45,6.9837
0.47,0.34,9.4595
0.04,0.88,7.6068
0.53,0.9,11.514
1,0.3,5.2141
0.02,0.18,4.703
0.28,0.35,7.7744
0.8,0.49,7.3311
0.27,0.34,7.5886
0.95,0.85,7.4449
1,0.1,4.4487
0.33,0.23,7.8925
0.82,0.15,5.8093
0.04,0.8,7.183
0.58,0.39,9.3039
0.48,0.77,11.042
0.69,0.76,9.8502
0.64,0.1,7.6822
0.13,0.02,4.759
0.98,0.66,6.5841
0.09,0.24,5.2247
0.48,0.48,9.914
0.76,0.71,8.6914
0.5,0.71,10.839
0.37,0.19,8.2575
0.04,0.02,4.0139
0.98,0.18,4.694
0.57,0.88,11.372
0.99,0.19,4.7739
0.78,0.45,7.489
0.08,0.26,5.3406
0.78,0.29,6.7539
0.41,0.91,11.309
0.49,0.82,11.3
0.47,0.61,10.449
0.76,0.61,8.32
1,0.33,5.2923
0.18,0.19,5.9243
0.44,0.14,8.365
0.54,0.74,10.925
0.75,0.56,8.1854
0.63,0.46,9.1031
0.73,0.02,6.2445
0.54,0.93,11.742
0.2,0.86,8.7693
0.06,0.24,5.0897
0.91,1,8.3015
0.33,0.85,10.294
0.1,0.57,6.6762
0.84,0.97,8.9232
0.26,0.65,8.6957
0.94,0.12,4.5923
0.52,0.44,9.7147
0.6,0.41,9.3464
0.44,0.04,7.958
0.12,0.17,5.1779
0.91,0.45,6.185
0.26,0.14,6.7153
0.53,0.41,9.6584
0.56,0.56,10.109
0.17,0.26,6.0681
0,0.55,6.226
0.59,0.29,8.936
0.86,0.44,6.5226
0.58,0.1,8.2115
0.68,0.01,6.9472
0.89,0.51,6.5241
0.74,0.85,9.5726
0.3,0.58,8.9881
0.18,0.43,6.8615
0.21,0.73,8.4842
0.11,0.43,6.2747
0.12,0.83,7.8879
0.68,0.41,8.4098
0.56,0.27,8.8717
0.88,0.79,7.6769
0.22,0.05,5.863
0.88,0.82,7.8688
0.12,0.23,5.494
0.15,0.64,7.3645
0.09,0.72,7.191
0.17,0.97,8.9001
0.96,0.74,7.007
0.18,0.25,6.169
0.4,0.92,11.392
0.4,0.48,9.5986
0.14,0.09,5.0178
0.88,0.52,6.5476
0.91,0.74,7.2787
0.64,0.69,9.9622
0.71,0.98,10.359
0.32,0.51,8.8455
0.75,0.97,9.9995
0.98,0.02,4.1065
0.35,0.31,8.5476
0.06,0.9,7.7811
0.15,0.85,8.2174
0.61,0.12,8.0807
0.89,0.13,5.0988
0.66,0.46,8.8118
0.63,0.91,10.921
0.68,0.39,8.373
0.06,0.53,6.2358
0.47,0.35,9.3679
0.77,0.16,6.4071
0.99,0.43,5.7209
0.82,0.96,9.0346
0.01,0.51,5.9632
0.61,0.47,9.4159
0.22,0.01,5.58
0.29,0.51,8.6098
0.54,0.09,8.3054
0.95,0.1,4.4986
0.08,0.53,6.3337
0.68,0.82,10.044
0.96,0.04,4.2234
0.3,0.48,8.5071
0.56,0.48,9.7526
0.37,0.45,9.1322
0.2,0.76,8.4827
0.45,0.25,8.9099
0.45,0.39,9.4935
0.09,0.42,6.0355
0.11,0.02,4.5651
0.69,0,6.7668
0.82,0.28,6.3435
0.36,0.04,7.4508
0.96,0.31,5.3014
0.17,0.79,8.2374
0.1,0.53,6.5588
0.44,0.47,9.7058
0.15,0.8,7.9431
0.06,0.16,4.7605
0.1,0.39,5.9141
0.57,0.58,10.131
0.03,0.08,4.2409
0.1,0.76,7.422
0.76,0.22,6.8025
0.75,0.53,8.2017
0.36,0.14,7.9542
0.83,0.84,8.5306
0.6,0.96,11.409
0.83,0.47,7.0076
0.01,0.71,6.8551
0.66,0.82,10.302
0.1,0.33,5.623
0.13,0.31,5.9862
0.7,0.1,6.909
0.8,0.47,7.2656
0.25,0.11,6.5382
0.74,0.68,8.8496
0.58,0.9,11.334
0.97,0.55,6.1921
0.2,0.09,5.8229
0.98,0.52,6.0022
0.47,0.65,10.564
0.39,0.15,8.0616
0.9,0.07,4.5721
0.26,0.04,6.3064
0,0.83,7.3602
0.77,0.89,9.3257
0.15,0.12,5.3084
0.58,0.89,11.289
0.63,0.36,8.7288
0.34,0.46,8.8229
0.72,1,10.278
0.44,0.31,9.0679
0.97,0.13,4.5242
0.74,0.35,7.5536
0.94,0.36,5.5815
0.67,0.03,7.1165
0.88,0.33,5.8352
0.16,0.71,7.728
0.41,0.82,11.024
0.81,0.98,9.1419
0.45,0.65,10.596
0.55,0.85,11.331
0.9,0.48,6.2731
0.4,0.31,9.0069
0.51,0.79,11.188
0.19,0.5,7.1798
0.41,0.79,10.904
0.98,0.95,7.7879
0.53,0.08,8.2637
0.87,0.86,8.0482
0.97,0.97,7.8857
0.32,0.32,8.0975
0.5,0.78,11.021
0.22,0.55,7.8361
0.32,0.12,7.4064
0.55,0.36,9.3831
0.51,0.23,8.8668
0.3,0.3,7.7041
0.47,0.27,9.0548
0.71,0.43,8.3056
0.33,0.69,9.7684
0.01,0.34,5.4203
0.61,0.97,11.494
0.58,0.13,8.2884
0.12,0.52,6.5916
0.99,0.93,7.7409
0.95,0.42,5.6645
0.79,0.66,8.1447
0.15,0.09,5.2332
0.33,0.47,8.8147
0.01,0.63,6.5402
0.01,0.87,7.5288
0.36,0.16,7.9042
0.3,0.81,9.7717
0.26,0.71,9.0785
0.51,0.96,11.829
0.82,0.99,9.1379
0.02,0.95,7.8348
0.76,0.92,9.6641
0.97,0.94,7.7692
0.49,0.89,11.577
0.41,0.09,8.0416
0.13,0.14,5.2405
0.05,0.26,5.1311
0.54,0.31,9.1651
0.96,0.99,8.0608
0.65,0.53,9.3463
0.87,0.46,6.4234
0.61,0.37,8.9438
0.51,0.81,11.219
0.58,0.68,10.399
0.87,0.57,7.0106
0.21,0.85,8.7784
0.54,0.67,10.669
0.72,0.05,6.5338
0.63,0.96,11.171
0.63,0.2,8.1377
0.83,0.28,6.1519
0.82,0.34,6.5472
0.24,0.55,8.0754
0.28,0.57,8.6341
0.87,0.73,7.578
0.89,0.61,6.8546
0.86,0.47,6.5767
0.56,0.04,7.9706
0.48,0.99,11.947
0.29,0.08,6.7917
0.62,0.24,8.4759
0.43,0.82,11.146
0.84,0.5,6.8977
0.93,0.74,7.1915
0.06,0.72,7.0093
0.83,0.7,7.7339
0.19,0.7,8.0763
0.63,0.38,8.9255
0.57,0.04,7.9502
0.78,0.25,6.5952
0.91,0.35,5.6432
0.23,0.99,9.7672
0.54,0.42,9.6294
0.5,0.18,8.6994
0.26,0.47,8.034
0.95,0.93,7.8641
0.81,0.66,7.8058
0.84,0.72,7.8337
0.62,0.09,7.708
0.9,0.21,5.2766
0.49,0.42,9.5967
0.11,0.27,5.58
0.98,0.42,5.7683
0.32,0.04,7.0432
0.85,0.36,6.3442
0.51,0.05,8.2597
0.33,0.29,8.138
0.49,0.74,10.981
0.8,0.14,5.8553
0.56,0.05,8.1293
0.38,0.67,10.109
0.3,0.08,6.9209
0.52,0.99,11.941
0.58,0.31,9.0003
0.8,0.16,6.0245
0.9,0.91,8.085
0.13,1,8.6267
0.17,0.07,5.319
0.89,0.07,4.7372
0.73,0.79,9.2635
0.98,0.22,4.9289
0.83,0.61,7.4057
0.21,0.95,9.3028
0.27,0.6,8.5923
0.31,0.71,9.4266
0.83,0.77,8.1053
0.94,0.97,8.0842
0.99,0.03,4.1572
0.19,0.71,8.1747
0.07,0.86,7.6643
0.33,0.36,8.4576
0.24,0.51,7.924
0.2,0.51,7.3907
0.86,0.98,8.6577
0.94,0.24,5.0789
0.11,0.88,7.9434
0.35,0.23,8.1461
0.46,0.53,10.092
0.48,0.83,11.367
0.83,0.91,8.6785
0.83,0,5.0809
0.24,0.58,8.1893
0.23,0.64,8.2649
1,0.41,5.5383
0.99,0.77,7.0789
0.37,0.61,9.8314
0.43,0.46,9.6761
0.81,0.51,7.2009
0.87,0.39,6.1394
0.98,0.85,7.3658
0.91,0.22,5.3218
0.99,0.96,7.7991
0.5,0.72,10.89
0.94,0.54,6.284
0.03,0.92,7.685
0.11,0.8,7.6809
0.66,0.39,8.616
0.86,0.19,5.4562
0.19,0.16,5.8714
0.97,0.36,5.5217
0.5,0.29,9.2166
0.29,0.71,9.3055
0.89,0.54,6.6325
0.94,0.73,7.0902
0.5,0.76,11.011
0.99,0.06,4.2061
0.2,0.05,5.6372
0.31,0.46,8.6641
0.12,0.25,5.5426
0.59,0.69,10.382
0.35,0.27,8.2876
0.16,0.1,5.2262
0.68,0.35,8.3348
0.36,0.09,7.6756
0.43,0.48,9.6374
0.8,0.93,9.0884
0.2,0.87,8.8126
0.55,0.34,9.207
0.62,0.76,10.434
0.43,0.34,9.1372
0.76,0.45,7.6287
0.54,0.58,10.268
0.66,0.81,10.276
0.48,0.25,8.9783
0.1,0.82,7.6665
0.41,0.78,10.798
0.85,0.14,5.4076
0.62,0.74,10.436
0.55,0.38,9.459
0.25,0.13,6.5227
0.65,0.13,7.6675
0.83,0.97,8.9751
0.88,0.34,5.9629
0.76,0.25,6.7681
0.88,0.01,4.5445
0.17,0.15,5.5962
0.42,0.72,10.68
0.98,0.28,5.1638
0.25,0.67,8.6268
0.92,0.99,8.2876
0.24,0.96,9.8066
0.33,0.17,7.6671
0.82,0.16,5.8067
1,0.28,5.1401
0.01,0.01,3.9932
0.63,0.98,11.223
0.12,0.73,7.6011
0.4,0.76,10.639
0.21,0.35,6.9721
0.83,0.59,7.4922
0.52,0.41,9.6716
0.79,0.95,9.4228
0.8,0.25,6.3551
0.52,0.26,9.0407
0.32,0.19,7.6177
0.31,0.94,10.512
0.05,0.62,6.5629
0.86,0.69,7.5443
0.84,0.51,6.987
0.28,0.21,7.1797
0.72,0.81,9.559
0.8,0.78,8.4707
0.63,0.71,10.248
0.68,0.8,10.037
0.22,0.59,7.9489
1,0.54,6.1552
0.23,0.9,9.3741
0.22,0.77,8.7806
0.24,0.6,8.1721
0.48,0.04,8.115
0.56,0.16,8.522
0.84,0.45,6.6978
0.94,0.86,7.6108
0.86,1,8.791
0.19,0.54,7.4397
0.71,0.37,8.0062
0.33,0.11,7.5135
0.17,0.63,7.5021
0.25,0.02,6.1206
0.21,0.84,8.8016
0.05,0.69,6.8954
0.87,0.44,6.412
0.76,0.11,6.298
0.58,0.3,9.0033
0.72,0.19,7.0601
0.32,0.62,9.3041
0.63,0.6,9.7804
0.65,0.99,11.134
0.12,0.68,7.3236
0.05,0.82,7.404
0.27,0.74,9.2113
0.8,0.82,8.6856
0.04,0.5,6.0506
0.63,0.3,8.4619
0.54,0.08,8.3518
0.32,0.52,8.9197
0.94,0.03,4.3685
0.99,0.51,6.0429
0.76,0.81,9.2051
0.78,0.26,6.5807
0.46,0.64,10.511
0.69,0.42,8.3455
0.57,0.24,8.6885
0.96,0.56,6.2729
0.89,0.19,5.2364
0.58,0.36,9.2944
0.91,0.1,4.6867
0.44,0.8,11.088
0.35,0.73,10.13
0.63,0.49,9.419
0.24,0.53,7.9487
0.69,0.38,8.2869
0.23,0.67,8.469
0.51,0.03,8.104
0.79,0.87,8.9641
0.86,0.67,7.4252
0.17,0.11,5.5044
0.33,0.73,9.9548
0.09,0.62,6.743
0.41,0.74,10.589
0.31,0.1,7.1701
0.17,0.88,8.6022
0.14,0.35,6.1011
1,0.97,7.8037
0.61,0.92,11.132
0.4,0.02,7.6115
0.29,0.74,9.4547
0.07,0.38,5.7804
0.48,0.18,8.6917
0.93,0.43,5.9676
0.03,0.55,6.228
0.95,0.59,6.3813
0.27,0.51,8.3203
0.87,0.08,4.8795
0.96,0.83,7.3588
0.2,0.46,7.194
0.56,0.4,9.4774
0.81,0.25,6.2518
0.57,0.43,9.5745
0.93,0.27,5.3255
0.34,0.86,10.572
0.14,0.12,5.219
0.24,0.34,7.2582
0.76,0.46,7.7033
0.11,0.09,4.9127
0.25,0.66,8.5641
0.96,0.68,6.7573
0.98,0.91,7.6723
0.87,1,8.6699
0.3,0.9,10.236
0.66,0.32,8.4405
0.46,0.89,11.422
0.82,0.94,9.0311
0.7,0.65,9.2818
0.08,0,4.2148
0.31,0.16,7.3844
0.87,0.97,8.5291
0.78,0.23,6.6269
0.64,0.33,8.5222
0.79,0.18,6.3489
0.42,0.86,11.158
0.78,0.49,7.5937
0.76,0.07,6.2028
0.41,0.36,9.1467
0.02,0.35,5.5087
0.81,0.6,7.6925
0.52,0.63,10.521
0.91,0.46,6.1648
0.83,0.74,8.0436
0.68,0.78,9.9598
0.11,0.89,7.9695
0.65,0.96,11.082
1,0.47,5.8001
0,0.62,6.5368
0.96,0.2,4.9138
0.27,0.08,6.5891
0.51,1,12.02
0.28,0.96,10.127
0.52,0.88,11.454
0.87,0.02,4.7182
0.06,0.09,4.5251
0.16,0.55,7.1633
0.93,0.91,7.9117
0.56,0.1,8.2284
0.99,0.94,7.7999
0.5,0.16,8.653
0.49,0.94,11.84
0.21,0.1,5.8272
0.48,0.32,9.2736
0.74,0.81,9.344
0.27,0.38,7.781
0.5,0.7,10.8
0.79,0.7,8.3279
0.75,0.59,8.3911
0.35,0.9,10.755
0.48,0.85,11.434
0.24,0.42,7.5252
0.91,0.32,5.6293
0.48,0.38,9.5242
0.34,0.66,9.7018
0.78,0.83,9.0069
0.7,0.51,8.6124
0.92,0.73,7.1475
0.26,0.87,9.5551
0.93,0.99,8.1095
0.61,0.65,10.129
0.03,0.69,6.7115
0,0.1,4.4371
0.54,0.88,11.42
0.48,0.93,11.702
0.63,0,7.3863
0.04,0.31,5.3645
0.45,0.02,7.9869
0.37,0.81,10.689
0.21,0.32,6.7961
0.25,0.07,6.3613
0.2,0.29,6.5694
0.66,0.12,7.5721
0.59,0.38,9.1596
0.42,0.75,10.769
0.29,0.77,9.5573
0.03,0.91,7.5991
0.14,0.33,6.1387
0.67,0.5,8.8583
0.43,0.02,7.8154
0.08,0.21,5.1729
0.21,0.38,7.0295
0.45,0.73,10.75
0.1,0.66,7.014
0.07,0.74,7.0262
0.38,0.33,8.8666
0.49,0.72,10.858
0.53,0.87,11.4
0.28,0.72,9.3258
0.43,0.36,9.2799
0.75,0.79,9.0732
0.2,0.61,7.7635
0.54,0.2,8.7524
0.65,0.11,7.6824
0.73,0.72,9.1736
0.78,0.17,6.2973
0.68,0.09,7.2862
0.13,0.58,6.9997
0.73,0.61,8.8157
0.28,0.71,9.2955
0.35,0.18,7.881
0.35,0.64,9.7751
0.4,0.94,11.369
0.14,0.2,5.4905
0.48,0.35,9.4105
0.9,0.66,7.0666
0.05,0.58,6.3586
0.06,0.28,5.2694
0.98,0.97,7.9152
0.32,0.25,7.8248
0.21,0.86,8.9386
0.19,0.11,5.6938
0.22,0.97,9.5247
0.22,0.11,6.0325
0.35,0.1,7.6196
0.79,0.38,7.0475
0.34,0.19,7.8141
0.45,0.64,10.47
0.06,0.71,7.031
0.14,0.59,6.9255
0.67,0.15,7.6242
0.12,0.76,7.5611
0.88,0.51,6.5051
0.47,0.99,11.872
0.39,0.05,7.6605
0.2,0.96,9.1648
0.65,0.56,9.4019
0.81,0.92,8.8849
0.73,0.1,6.6247
0.64,0.65,9.8747
0.67,0.75,9.9168
0.39,0.17,8.1894
0.6,0.62,10.155
0.64,0.88,10.884
0.93,0.6,6.5813
0.75,0.82,9.3289
0.53,0.57,10.261
0.84,0.17,5.5159
0.77,0.97,9.4848
0.26,0.16,6.7
0.44,0.37,9.3211
0.07,0.07,4.4902
0.48,0.16,8.6467
0.69,0.32,8.0574
0.08,0.76,7.3392
0.91,0.17,4.9334
0.28,0.09,6.6695
0.04,0.25,4.9773
0.27,0.1,6.6304
0.98,0.23,4.9243
0.94,0.42,5.7488
0.99,0.5,6.0028
0.11,0.34,5.8908
0.28,0.81,9.5945
0.34,0.33,8.4531
0.21,0.65,8.1231
0,0.69,6.8108
0.48,0.66,10.521
0.88,0.75,7.469
0.68,0.52,8.8184
0.98,0.4,5.6786
0.58,0.07,8.0112
0.57,0.59,10.118
0.34,0.48,8.9998
0.44,0.33,9.1
0.35,0.92,10.832
0.7,0.84,9.9715
0.89,0.81,7.7179
0.54,0.49,9.8209
0.9,0.4,5.9788
0.1,0.74,7.3498
0.06,0.43,5.8361
0.31,0.44,8.4827
0.09,0.25,5.3294
0.44,0.17,8.5155
0.07,0.4,5.7559
0.66,0.99,10.9
0.77,0.28,6.8861
0.69,0.17,7.4294
0.85,0.05,4.9965
0.7,0.03,6.7799
0.37,0.02,7.4643
0.89,0.72,7.3164
0.15,0.69,7.668
0.11,0.9,7.9724
0.04,0.26,5.1059
0.48,0.06,8.2123
0.73,0.11,6.72
0.43,0.93,11.585
0.18,0.64,7.7358
0.03,0.53,6.1326
0.95,0.44,5.8668
0.07,0.94,7.9238
0.72,0.95,10.2
0.57,0.82,11.181
0.98,0.8,7.2204
0.02,0.99,7.9714
0.95,0.29,5.2491
0.47,0.28,9.1195
0.91,0.09,4.5955
0.76,0.88,9.4046
0.59,0.31,8.9152
0.73,0.35,7.6449
0.33,0.75,9.8821
0.58,0.72,10.597
0.8,0.63,8.0049
0.17,0.09,5.3125
0.43,0.68,10.589
0.69,0.63,9.2716
0.81,0.22,6.177
0.53,0.19,8.7141
0.3,0.71,9.4874
0.38,0.1,7.8816
0.47,0.05,8.1556
0.75,0.47,7.9498
0.53,0.76,11.023
0.02,0.25,4.9995
0.13,0.34,5.9345
0.72,0.98,10.263
0.64,0.2,8.1177
0.73,1,10.278
0.02,0.28,5.0886
0.71,0.81,9.7521
0.37,0.14,7.8721
0.76,0.58,8.1757
0.08,1,8.3516
0.05,0.94,7.99
0.71,0.26,7.6059
0.34,0.16,7.7135
0.62,0.4,9.0925
0.05,0.5,6.099
0.83,0.13,5.6482
0.89,0.86,7.8069
0.04,0.82,7.3835
0.22,0.57,8.0078
0.04,0.16,4.6947
0.43,0.03,7.9117
0,0.81,7.2422
0.24,0.87,9.3672
0.24,0.83,9.258
0.73,0.7,9.151
0.56,0.72,10.816
0.53,0.07,8.235
0.67,0.21,7.7701
0.51,0.01,8.025
0.17,0.84,8.3633
0.5,0.85,11.363
0.21,0.36,6.9486
0.06,0.95,7.8638
0,0.58,6.3529
0.32,0.46,8.7159
0.21,0.01,5.5903
0.75,0.75,9.0526
0.46,0.81,11.244
0.89,0.85,7.9166
0.04,0.01,4.1531
0.89,0.14,4.9595
0.51,0.67,10.658
0.68,0.18,7.5877
0.56,0.79,11.056
0.28,0.88,9.9069
0.65,0.9,10.794
0.44,0.74,10.803
0.14,0.14,5.2526
0.23,1,9.7787
0.29,0.13,6.9796
0.05,0.47,6.0936
0.26,0.38,7.681
0.19,0.56,7.5843
0.35,0.33,8.4743
0.69,0.29,7.8239
0.17,0.28,6.1174
0.66,0.45,8.9058
0.7,0.43,8.2527
0.73,0.69,8.9313
0.85,0.76,7.8618
0.51,0.21,8.812
0.44,0.88,11.375
0.62,0.23,8.4392
0.62,0.72,10.394
0.03,0.99,7.9937
0.35,0.7,10.003
0.92,0.11,4.6667
0.71,0.74,9.3912
0.87,0.47,6.3938
0.34,0.26,8.1478
0.3,0.96,10.419
0.43,0.92,11.523
0.73,0.97,10.208
0.27,0.9,9.7921
0.13,0.01,4.7329
0.54,0.77,11.114
0.46,0.14,8.5105
0.33,0.54,9.113
0.99,0.41,5.5804
0.03,0.81,7.3434
0.22,0.04,5.7811
0.71,0.47,8.3694
0.84,0.81,8.1801
0.05,0.09,4.4724
0.47,0.71,10.806
0.15,0.63,7.3529
0.77,0.29,6.8616
0.11,0.03,4.7269
0.7,0.74,9.6197
0.81,0.86,8.6569
0.79,0.17,6.2329
0.24,0.08,6.2332
0.92,0.12,4.7452
0.99,0.12,4.5125
0.42,0.57,10.054
0.79,0.46,7.372
1,0.98,7.9561
0.27,0.39,7.7715
0.73,0.94,10.005
0.46,0.82,11.129
0.31,0.81,9.8903
0.28,0.31,7.5306
0.81,0.23,6.1566
0.14,0.03,4.892
0.01,0.82,7.2322
0.82,0.74,8.0622
0.93,0.81,7.4247
0.45,0.51,9.9918
0.45,0.9,11.406
0.42,0.83,11.082
0.8,0.64,7.9632
0.35,0,7.2591
0.14,0.66,7.3492
0.34,0.06,7.3175
0.2,0.68,8.1815
0.54,0.07,8.184
0.89,0.04,4.6955
0.62,0.18,8.1697
0.94,0.33,5.6148
0.08,0.96,8.0646
0.74,0.12,6.7384
0.41,0.87,11.11
0.63,0.75,10.312
0.18,0.18,5.8655
0.82,0.27,6.2252
0.57,0.81,11.036
0.18,0.86,8.735
0.9,0.57,6.6196
0.09,0.74,7.304
0.97,0.09,4.4045
0.32,0.38,8.3253
0.68,0.28,7.9781
0.88,0.46,6.3829
0.26,0.05,6.3407
0.35,0.94,10.926
0.87,0.83,7.8974
0.84,0.48,6.736
0,0.49,5.9209
0.19,0.08,5.5562
0.19,0.39,6.8275
0.38,0.35,8.8435
0.22,0.3,6.7882
0.15,0.31,5.9482
0.04,0.34,5.4123
0.02,0.32,5.3095
0.61,0.84,10.936
0.17,0.48,6.9261
0.9,0.1,4.7795
0.71,0.77,9.4704
0.68,0.2,7.7467
0.43,0.41,9.4168
0.44,0.84,11.262
0.09,0.61,6.7475
0.86,0.23,5.5789
0.93,0.03,4.3663
0.25,0.85,9.3628
0.29,0.65,8.9677
0.07,0.47,6.0718
0.21,0.63,8.0787
0.8,0.13,5.9436
0.62,0.61,9.9889
0.55,0.43,9.5727
0.99,0.55,6.213
0.01,0.53,6.1681
0.17,0.58,7.401
0.24,0.29,7.0673
0.12,0.2,5.427
0.56,0.53,9.9515
0.14,0.86,8.2588
0.78,0.63,8.2373
0.77,0.25,6.7174
0.58,0.94,11.506
0.91,0.24,5.2665
0.09,0.5,6.3298
0.63,0.93,11.072
0.47,0.73,10.831
0.1,0.05,4.6594
0.71,0.76,9.5512
0.44,0.73,10.771
0.63,0.72,10.264
0.1,0.6,6.7489
0.18,0.24,6.2144
0.51,0.68,10.665
0.58,0.11,8.1791
0.05,0.88,7.6858
0.44,0.07,8.2416
0.28,0.3,7.5102
0.06,0.85,7.5341
0.4,0.14,8.135
0.65,0.68,9.93
0.85,0.83,8.119
0.74,0.45,7.8955
0.07,0.34,5.4435
0.21,0.97,9.3505
0.84,0.31,6.1318
0.38,0.15,8.0546
0.36,0.4,8.7876
0.25,0.04,6.0253
0.06,0.23,5.0221
0.79,0.25,6.5315
0.18,0.33,6.3985
0.26,0.99,10.071
0.93,0.06,4.4407
0.28,0.01,6.4602
0.34,0.25,8.0977
0.07,0.49,6.079
0.74,0.88,9.6661
0.7,0.59,8.9555
0.94,0.51,6.1693
0.45,0.98,11.822
0.04,0.95,7.9243
0.16,0.78,8.0566
0.57,0.23,8.7338
0.14,0.7,7.524
0.62,0.94,11.248
0.62,0.91,11.149
0.38,0.64,10.032
0.52,0.72,10.866
0.2,0.91,9.045
0.62,0.01,7.4693
0.61,0.99,11.562
0.84,0.09,5.2231
0.98,0.65,6.6417
0.53,0.14,8.5361
0.21,0.13,5.9636
0.59,0.15,8.1848
0.16,0.63,7.4843
0.65,0.3,8.3823
0.72,0.47,8.2008
0.71,0.95,10.269
0.78,0.91,9.3136
0.76,0.91,9.5578
0.32,0.55,8.9799
0.74,0.99,10.166
0.88,0.25,5.5949
0.24,0.92,9.6153
0.03,0.06,4.2828
0.14,0.54,6.9666
0.79,0.09,5.9199
0.88,0.1,4.9496
0.42,0.63,10.375
0.76,0.41,7.4854
0.8,0.97,9.3239
0.7,0.14,7.1202
0.13,0.85,7.9943
0.45,0.94,11.671
0.45,0.69,10.695
0.88,0.99,8.5611
0.98,0.12,4.4525
0.91,0.76,7.3902
0.64,0.83,10.613
0.22,0.35,7.0496
0.92,0.64,6.8553
0.06,0.38,5.6669
0.17,0.24,6.0138
0.8,0.95,9.2646
0.96,0.96,7.9861
0.56,0.35,9.2179
0.27,0.64,8.792
0.68,0.4,8.4994
0.53,0.78,11.025
0.12,0.42,6.2358
0.79,0.47,7.3504
0.5,0.63,10.565
0.15,0.78,8.0235
0.02,0.22,4.8418
0,0.9,7.5962
0.25,0.53,8.2116
0.95,0.79,7.3235
0.94,0.16,4.7931
0.52,0.08,8.3015
0.04,0.91,7.6363
0.96,0.78,7.3021
0.12,0.37,6.069
0.33,0.03,7.0727
0.34,0.08,7.3675
0.78,0.3,6.8018
0.5,0.15,8.6297
0.35,0.72,10.068
0.97,0.67,6.7299
0.26,0.49,8.0474
0.23,0.97,9.6199
0.59,0.26,8.7601
0.64,0.86,10.662
0.18,0.56,7.4747
0.29,0.63,9.0687
0.86,0.41,6.3173
0.08,0.37,5.7249
0.06,0.54,6.3243
0.66,0.21,7.8849
0.75,0.67,8.6445
0.87,0.37,6.0267
0.56,0.85,11.247
0.78,0.97,9.6207
0.76,0.39,7.5329
0.49,0.84,11.294
0.96,0.37,5.4431
0.2,0.52,7.5291
0.67,0.67,9.5802
0.66,0.19,7.8146
0.99,0.89,7.5928
0.16,0.03,5.0208
0.54,0.91,11.552
0.73,0.06,6.5158
0.44,0.3,9.1261
0.99,0.52,6.1237
0.37,0.21,8.2127
0.58,0.12,8.3022
0.44,0.26,8.9159
0.03,0.67,6.7423
0.23,0.26,6.7839
0.93,0.92,7.9739
0.79,0.12,5.9218
0.35,0.17,7.9204
0.67,0.19,7.8261
0.44,0.75,10.827
0.92,0.6,6.6411
0.67,0.73,9.9503
0.62,0.03,7.5842
0.64,0.67,9.9934
0.16,0.68,7.6651
0.98,0.89,7.561
0,0.23,4.9189
0.28,0.54,8.6167
0.78,0.7,8.3421
0.5,0.86,11.564
0.6,0.93,11.394
0.4,0.7,10.514
0.67,0.26,7.8696
0.39,0.88,11.015
0.31,0.53,8.909
0.74,0.89,9.5965
0,0.28,5.2174
0.12,0.66,7.226
0.61,0.96,11.384
0.67,0.78,10.165
0.76,0.62,8.2914
0.02,0.73,6.9059
0.83,0.53,7.1698
0.71,0.41,8.049
0.48,0.3,9.2676
0.83,0.93,8.7676
0.26,0.24,7.0135
0.53,0.61,10.357
0.13,0.89,8.1557
0.33,0.1,7.4226
0.79,0.29,6.6286
0.39,0.84,10.858
0.28,0.15,6.9621
0.78,0.62,8.0575
0.36,0.25,8.3517
0.49,0.41,9.6563
0.91,0.92,7.9797
0.84,0.01,4.9696
0.91,0.63,6.7496
0.56,0.98,11.754
0.57,0.83,11.036
0.38,0.81,10.673
0.15,0,4.8195
0.03,0.43,5.7404
1,0.22,4.829
0.65,0.32,8.413
0.99,0.05,4.3774
0.13,0.06,4.7855
0.1,0.17,5.0831
0.27,0.92,9.9667
0.42,0.46,9.7215
0.8,0.36,6.7387
0.59,0.3,8.9441
0.92,0.25,5.2368
0.86,0.45,6.5638
0.9,0.15,4.841
0.31,0.19,7.6012
0.19,0.77,8.4139
0.3,0.43,8.3737
0.64,0.36,8.7868
0.67,0.32,8.2408
0.65,0.1,7.6374
0.11,0.67,7.0642
0.86,0.49,6.7791
0.87,0.98,8.5542
0.46,0.98,11.842
0.1,0.02,4.3943
0.97,0.06,4.3014
0.41,0.81,10.919
0.74,0.24,7.1935
0.4,0.32,8.8545
0.94,0.05,4.3673
0.6,0.18,8.3299
0.74,0.26,7.0735
0.89,0.08,4.9316
0.49,0.58,10.318
0.68,0.86,10.42
0.06,0.34,5.4569
0.77,0.38,7.1527
0.91,0.9,7.865
0.17,0.66,7.5774
0.04,0.08,4.4404
0.64,0.94,11.022
0.04,0.52,6.1464
0.36,0.24,8.2489
0.97,0.74,6.9266
0.77,0.04,5.8397
0.74,0.72,9.0375
0.01,0.76,6.9748
0.95,1,8.0023
0.2,0.4,6.9661
0.17,0.22,5.9507
0.69,0.79,9.8704
0.39,0.19,8.318
0.67,0.86,10.348
0.45,0.75,10.946
0.42,0.24,8.7574
0.02,0.47,5.8496
0.52,0.8,11.199
0.76,0.76,8.9149
0.15,0.74,7.7466
0,0.16,4.5932
0.42,0.54,10.042
0.7,0.05,6.7421
0.62,0.89,11.024
0.53,0.2,8.8099
0.44,0.08,8.2118
0.56,0.93,11.513
0.19,0.34,6.5484
0.16,0.57,7.2187
0.48,0.36,9.4366
0.99,0.04,4.1054
0.42,0.59,10.074
0.75,0.89,9.5433
0.59,0.77,10.748
0.23,0.82,9.0642
0.44,0.5,9.89
0.13,0.91,8.2684
0.34,0.4,8.5985
0.2,1,9.3002
0.68,0.93,10.567
0.53,0.25,9.0265
0.53,0,7.9635
0.79,0.89,9.0883
0.47,0.38,9.3645
0.8,0.37,6.8491
0.14,0.1,5.1199
0.65,0.97,10.973
0.73,0.27,7.3879
0.71,0.3,7.7546
0.44,0.23,8.8156
0.41,0.51,9.8161
0.15,0.77,7.9778
0.14,0.57,6.8442
0.65,0.33,8.5834
0.61,0.07,7.8308
0.52,0.71,10.876
0.63,0.88,10.923
1,0.65,6.6046
0.16,0.43,6.6476
0.29,0.4,8.1464
0.26,0.5,8.0508
0.7,0.96,10.414
0.04,0,3.997
0.46,0.88,11.378
0.52,1,11.891
0.09,0.09,4.7749
0.95,0.27,5.1252
0.3,0.39,8.1837
0.89,0.16,5.1902
0.43,0.24,8.7843
0.22,0.33,6.8507
0.72,0.2,7.1688
0.37,0.62,9.9139
0.18,0.35,6.4411
0.75,0.13,6.4348
0.15,0.34,6.1452
0.17,0.62,7.4987
0.85,0.67,7.4482
0.45,0.83,11.202
0.32,0.06,7.1876
0.65,0.12,7.6686
0.56,0.17,8.5344
0.34,0.1,7.6333
0.26,0.06,6.3449
0.18,0.72,8.1312
0.96,0.71,6.9343
0.31,0.95,10.528
0.78,0.88,9.1641
0.62,0.92,11.175
0.57,0.57,10.135
0.59,0.93,11.43
0.46,0.34,9.3344
0.08,0.87,7.7544
0.67,0.3,8.2156
0.4,0.49,9.6469
0.19,0.81,8.4945
0.73,0.56,8.4178
0.94,0.13,4.6351
0.85,0.27,5.8763
0.83,0.46,6.9008
0.85,0.39,6.4179
0.13,0.23,5.511
0.89,0.06,4.7453
0.63,0.61,9.8094
0.11,0.4,6.0312
0.64,0.42,8.9169
0.46,0.05,8.0748
0.73,0.8,9.3366
0.33,0.99,10.883
0.37,0.05,7.5423
0.14,0.6,7.1332
0.97,0.9,7.6698
0.85,0.54,7.007
0.98,0.81,7.2707
0.44,0.71,10.662
0.01,0.6,6.3147
0.46,0.47,9.8195
0.09,0.94,8.0258
0.52,0.75,10.963
0.05,0.06,4.3806
0.03,0.25,4.9774
0.02,0.77,7.1003
0.28,0.55,8.6293
0.11,0.41,6.1188
0.32,0.6,9.2722
0.26,0.42,7.8195
0.07,0.1,4.5737
0.14,0.88,8.2032
0.86,0.43,6.4499
0.45,0.19,8.5877
0.87,0.4,6.3343
0.84,0.34,6.2946
0.58,0.55,9.8756
0.66,0.4,8.6485
0.12,0.01,4.5487
0.99,0.25,4.9919
0.38,0.14,8.1033
0.21,0.34,6.827
0.73,0.63,8.7452
0.61,0.34,8.8532
0.19,0.15,5.803
0.65,0.31,8.415
0.82,0.42,6.8447
0.5,0.09,8.3683
0.16,0.91,8.5895
0.95,0.53,6.1888
0.13,0.57,6.8604
0.89,0.09,4.7792
0.15,0.44,6.6045
0.1,0.03,4.5122
0.63,0.66,9.9902
0.56,0.14,8.4461
0.78,0.36,7.1335
0.14,0.64,7.2427
0.48,0.91,11.65
0.54,0.35,9.2927
0.19,0.44,7.0158
0.47,0.31,9.1217
0.16,0.77,8.0638
0.37,0.53,9.5725
0.11,0.97,8.2961
0.3,0.21,7.3876
0.35,0.29,8.4206
0.3,0.7,9.4054
0.53,0.45,9.6839
0.91,0.49,6.2253
0.69,0.31,7.9522
0.07,0.22,5.0294
0.59,0.65,10.347
0.34,0.63,9.5241
0.59,0.42,9.4911
0.4,0.52,9.6772
0.96,0.47,5.8733
0.05,0.42,5.7036
0.58,0.65,10.375
0.19,0.49,7.2165
0.93,0.15,4.7134
0.97,0.88,7.6183
0.75,0.46,7.7779
0.54,0.52,9.8981
0.27,0.77,9.3383
0.26,0.32,7.4274
0.98,0.94,7.7553
0.68,0.05,7.0101
0.98,0.54,6.0623
0.06,0.65,6.7287
0.42,0.31,8.9931
0.53,0.88,11.531
0.33,0.72,9.8864
0.49,0.29,9.2557
0.15,0.18,5.4932
0.27,0.13,6.6501
0.73,0.89,9.8267
0.69,0.98,10.562
0.71,0.51,8.4487
0.53,0.31,9.2501
0.38,0.24,8.4828
0.6,0.86,11.05
0.68,0.6,9.3382
0.78,0.04,5.7633
0.04,0.51,6.0696
0.02,0.79,7.0796
0.47,0.1,8.2574
0.51,0.24,8.925
0.5,0.93,11.704
0.8,0.89,8.9403
0.24,0.4,7.4308
0.85,0.48,6.6538
0.87,0.51,6.612
0.57,0.74,10.714
0.43,0.99,11.655
0.9,0.09,4.6664
0.68,0.66,9.4878
0.66,0.91,10.686
0.33,0.32,8.137
0.01,0.54,6.256
0.68,0.61,9.3869
0.2,0.28,6.4957
0.4,0.55,9.7735
0.43,0.4,9.3704
0.29,0.64,8.9637
0.79,0.99,9.4103
0.59,0.71,10.584
0.63,0.53,9.3751
0.58,0.83,11.112
0.86,0.22,5.6977
0,0.59,6.3418
0.6,0.78,10.684
0.65,0.63,9.7632
0.23,0.81,8.9647
0.3,0.14,7.2125
0.39,0.36,8.9792
0.92,0.95,7.9971
0.89,0.38,5.9044
0.61,0.72,10.389
0.83,0.21,5.8541
0.49,0.36,9.4975
0.44,0.34,9.1351
0.6,0.47,9.5034
0.23,0.77,8.8618
0.66,0.72,9.9539
0.67,0.65,9.5401
0.31,0.68,9.4747
0.78,0.78,8.625
0.82,0.04,5.3475
0.63,0.82,10.739
0.02,0.45,5.7945
0.66,0.38,8.5569
0.37,0.52,9.415
0.08,0.11,4.6321
0.44,0.24,8.7982
0.39,0.34,8.8531
0.66,0.53,9.1862
0.3,0.38,7.9915
0.78,0.11,6.0315
0.9,0.04,4.6308
0.3,0.44,8.344
0.74,0.07,6.379
0.87,0.64,7.2042
0.83,1,9.0364
0.29,0.96,10.335
1,0.43,5.7484
0.89,0.46,6.3248
0.04,0.06,4.1836
0.85,0.74,7.7938
0.32,0.08,7.18
0.4,0.06,7.837
0.75,0.73,8.8749
0.89,0.94,8.2178
0,0.08,4.2759
0.96,0.87,7.5565
0.8,0.23,6.3078
0.07,0.14,4.7202
0.38,0.4,8.9764
0.87,0.14,5.1644
0.98,0.09,4.326
0.03,0.15,4.7088
0.36,0.72,10.141
0.52,0.77,11.146
0.22,0.53,7.7107
0.34,0.28,8.1578
0.11,0.81,7.6598
0.7,0.66,9.2677
0.3,0.31,7.896
0.06,0.21,4.9311
0.65,0.86,10.51
0.18,0.29,6.3138
0.77,0.46,7.6298
0.08,0.46,6.1494
0.82,0.49,7.1946
0.93,0.84,7.4765
0.31,0.9,10.32
0.57,0.65,10.341
0.26,0.98,10.095
0.19,0.83,8.5871
0.83,0.67,7.7527
0.67,0.05,7.1744
0.24,0.98,9.8312
0.75,0.43,7.7751
0.39,0.43,9.3195
0.02,0.43,5.7294
0.14,0.05,4.9297
0.08,0.89,7.7655
0.85,0.37,6.2435
0.79,0.84,8.9363
0.01,0.29,5.1455
0.83,0.05,5.1971
0.57,0.78,10.931
0.11,0.19,5.1473
0.62,0.5,9.4172
0.09,0.34,5.7002
0.3,0.28,7.6656
0.01,0.26,5.0605
0.72,0.09,6.8069
0.09,0.11,4.7145
0.41,0.61,10.088
0.14,0.79,7.825
0.64,0.18,7.9831
0.54,0.03,8.062
0.69,0.57,9.0303
0.66,0.68,9.8405
0.2,0.42,7.0762
0.46,0.08,8.3031
0.23,0.93,9.5328
0.82,0.24,6.0612
0.45,0.78,11.055
0.35,0.09,7.5739
0.07,0.06,4.4046
0.72,0.88,9.8933
0.03,0.47,5.9081
0.53,0.95,11.805
0.95,0.64,6.592
0.77,0.24,6.6477
0.81,0.14,5.8476
0.54,0.99,11.858
0.49,0.31,9.3643
0.85,0.49,6.8292
0.5,0.6,10.375
0.82,0.52,7.2496
0.69,0.33,7.9894
0.79,0.3,6.6308
0.21,0.44,7.1717
0.53,0.05,8.1395
0.52,0.82,11.313
0.07,0.92,7.9734
0.31,0.56,9.0575
0.1,0.34,5.8052
0.79,0.23,6.477
0.69,0.2,7.4763
0.64,0.35,8.6429
0.08,0.5,6.2693
0,0.46,5.8002
0.39,0.31,8.7972
0.13,0.59,7.0241
0.22,0.78,8.7467
0.81,0.61,7.5713
0.19,0.09,5.5804
0.32,0.26,7.9097
0.51,0.77,11.105
0.75,0.95,9.7628
0.12,0.98,8.4212
0.67,0.61,9.4055
0.25,0.69,8.7223
0.1,0.63,6.8768
0.63,0.03,7.5745
0.53,0.16,8.63
0.15,0.06,5.0558
0.56,0.58,10.209
0.35,0.79,10.307
0.78,0.95,9.499
0.04,0.81,7.1916
0.69,0.88,10.266
0.99,0.31,5.3363
0.89,0.1,4.808
0.83,0.52,7.1883
0.27,0.63,8.7938
0.45,0.37,9.3498
0.44,0.92,11.433
0.01,0.58,6.3858
0.88,0.66,7.2261
0.01,0.88,7.5415
1,0.38,5.5419
0.44,0.9,11.42
0.03,0.48,5.9295
0.9,0.05,4.5724
0.72,0.1,6.7523
0.46,0.66,10.492
0.2,0.64,8.0753
0.87,0.23,5.4721
0.12,0.43,6.2458
0.9,0.74,7.3946
0.07,0.39,5.7163
0.07,0.04,4.343
0.65,0.16,7.751
0.33,0.86,10.365
0.66,0.06,7.3763
0.43,0.5,9.8484
0.09,0.06,4.5614
0.86,0.97,8.5399
0.58,0.64,10.281
0.13,0.43,6.331
0.29,0.9,10.094
0.11,0.78,7.5534
0.07,0.42,5.9018
0.78,0.99,9.5701
0.02,0.46,5.8807
0.41,0.12,8.1675
0.71,0.5,8.5539
0.2,0.22,6.1777
0.15,0.21,5.5929
0.98,0.72,6.9165
0.08,0.97,8.2473
0.05,0.84,7.3492
0.43,0.38,9.3483
0.38,0.73,10.403
0.71,0.59,8.8817
0.66,0.41,8.7015
0.06,0.81,7.362
0.24,0.16,6.4965
0.48,0.27,9.021
0.75,0.09,6.2965
0.05,0.12,4.5507
0.86,0.51,6.6873
0.59,0.13,8.0823
0.74,0.77,9.2546
0.53,0.52,10.016
0.24,0.22,6.6289
0.81,0.82,8.6322
0.78,0.67,8.2813
0.19,0.65,7.9019
0.72,0.33,7.6276
0.29,0.37,7.92
0.98,0.06,4.3128
0.54,0.27,8.9888
0.7,0.37,8.09
0.25,0.78,9.1378
1,0.72,6.8897
0.21,0.56,7.8008
0.21,0.46,7.3367
0.17,0.55,7.1569
0.29,0.55,8.6837
0.33,0.51,8.9785
0.9,0.08,4.6571
0.2,0.81,8.5518
0.01,0.61,6.4059
0.36,0.47,9.1761
0.85,0.87,8.3069
0.13,0.24,5.6348
0.96,0.79,7.1814
0.08,0.61,6.6038
0.82,0.92,8.908
0.7,0.73,9.469
0.24,0.01,5.8823
0.7,0.12,7.0657
0.69,0.93,10.518
0.57,0.94,11.53
0.69,0.78,9.8177
0.52,0.56,10.251
0.53,0.86,11.393
0.45,0.11,8.3886
0.34,0.52,9.0696
0.06,0.14,4.5225
0.89,0.28,5.6158
0.98,0.38,5.6674
0.36,0.89,10.916
0.28,0.13,6.8622
0.42,0.56,9.8526
0.92,0.58,6.4963
0.64,0,7.3495
0.13,0.28,5.7459
0.3,0.34,7.9649
0.45,0.59,10.164
0.18,0.58,7.4555
0.73,0.12,6.7821
0.4,0.5,9.6379
0.94,0.59,6.5563
0.92,0.85,7.7073
0.35,0.63,9.6092
0.37,0.59,9.776
0.43,0.96,11.73
0.22,1,9.5831
0.54,0.29,9.1224
0.38,0.66,10.078
0.91,0.65,7.031
0.52,0.61,10.446
0.07,0.78,7.2775
0.73,0.77,9.2649
0.6,0.49,9.5902
0.3,0.55,8.7354
0.69,0.34,8.0427
0.01,0.75,6.9702
0.78,0.94,9.359
0.26,0.33,7.4069
0.03,0.29,5.19
0,0.74,6.8568
0.49,0.92,11.636
0.26,0.39,7.679
0.66,0.75,10.007
0.23,0.25,6.7371
0.93,0.05,4.4086
0.39,0.71,10.376
0.7,0.3,7.8044
0.57,0.11,8.2194
0.78,0.14,6.2197
0.97,0.34,5.4063
0.67,0.1,7.2866
0.87,0,4.6824
0.6,0.87,11.068
0.74,0.73,9.0346
0.49,0.11,8.3943
0.83,0.19,5.7851
0.49,0.79,11.145
0.76,0.27,6.9833
0.2,0.12,5.803
0.05,0.54,6.3474
0.21,0.58,7.8574
1,0.82,7.2577
0.7,0.21,7.4501
0.54,0.48,9.8485
0.43,0.66,10.357
0.07,0.84,7.5215
0.83,0.07,5.3277
0.84,0.07,5.2239
0.6,0.19,8.3013
0.75,0.26,7.1469
0.62,0.19,8.1457
0.66,0.61,9.6068
0.52,0.74,10.909
0.49,0.14,8.5424
0.96,0.38,5.6121
0.66,0.95,10.814
0.66,0.2,7.9017
0.93,0.11,4.5777
0.3,0.16,7.154
0.73,0.57,8.507
0.78,0.35,7.0528
0.74,0.83,9.3911
0.84,0.18,5.6874
0.15,0.02,4.92
0.95,0.5,6.2055
0.9,0.38,5.866
0.55,0.54,10.035
0.52,0.6,10.393
0.79,0.4,7.0451
0.21,0.7,8.3321
0.89,0.99,8.5282
0.02,0.7,6.8111
0.39,0.97,11.521
0.69,0.62,9.3009
0.53,0.22,8.8767
0.8,0.39,6.9266
0.21,0.15,6.1136
0.46,0.85,11.303
0.7,0.58,9.0143
0.97,0.54,6.1493
0.7,0.54,8.7771
0.51,0.35,9.4145
0.88,0.4,6.1599
0.02,0.62,6.5719
0.84,0.7,7.7452
0.19,0.45,7.0751
0.98,0.44,5.7282
0.17,0.77,8.0309
0.91,0.53,6.5148
0.95,0.67,6.7786
0.23,0.43,7.3976
0.59,0.89,11.154
0.77,0.81,9.0131
0.17,0.27,6.1268
0.43,0.06,7.9935
0.19,0.29,6.3759
0.73,0.71,9.0427
0.56,0.69,10.628
0.99,0.9,7.5405
0.89,0.9,8.0276
0.29,0.99,10.476
0.82,0.89,8.6513
0.35,0.34,8.6129
0.48,0.75,10.944
0.17,0.46,6.8949
0.02,0.23,4.9604
0.06,0.35,5.4844
0.68,0.73,9.7603
0.73,0.49,8.1629
0.86,0.03,4.8915
0.02,0.2,4.7085
0.51,0.5,9.9397
0.85,0.52,6.8475
0.28,0.17,7.0238
0.84,0.06,5.177
0.65,0.47,9.1106
0.29,0.17,7.0963
0.7,0.27,7.7418
0.47,0.47,9.8746
1,0.8,7.0729
0.65,0.93,10.844
0.52,0.62,10.417
0.6,0.51,9.6163
0.29,0.62,9.033
0.77,0.85,9.1472
0.87,0.28,5.7939
0.32,0.48,8.8228
0.08,0.84,7.5582
0.98,0.53,6.0759
0.24,0.99,9.8767
0.6,0.17,8.2441
0.18,0.04,5.2797
0.8,0.8,8.6705
0.64,0.27,8.3658
0.56,0.07,8.148
0.39,0.04,7.7334
0.51,0.04,8.1075
0.8,0.74,8.317
0.13,0.9,8.219
0.74,0.41,7.6617
0.87,0.99,8.5136
0.19,0.42,6.9688
0.79,0.44,7.2865
0.87,0.45,6.4777
1,0.48,5.8395
0.03,0.66,6.6897
0.08,0.33,5.5897
0.5,0.12,8.4935
0.02,0,4.1194
0.1,0.96,8.1906
0.27,0.87,9.8171
0.07,0.67,6.7711
0.52,0.93,11.775
0.46,0.28,9.023
0.34,0.94,10.813
0.04,0.11,4.487
0.37,0.96,11.263
0.6,0.46,9.5597
0.79,0.56,7.7978
0.33,0.08,7.2731
0.29,0.19,7.2347
0.36,0.53,9.4063
0.93,0.66,6.8311
0.37,0.2,8.2682
0.65,0.09,7.5308
0.85,0.79,8.0123
0.29,0.53,8.5754
0.87,0.95,8.5198
0.96,0.67,6.711
0.24,0.05,6.0135
0.17,0.17,5.7145
0.31,0.28,7.7756
0.12,0.8,7.7454
0.29,1,10.393
0.63,0.37,8.8745
0.87,0.19,5.4381
0.83,0.86,8.4919
0.41,0.43,9.4142
0.55,0.97,11.727
0.77,0.49,7.6759
0.33,0.35,8.3498
0.33,0.84,10.271
0.47,0.94,11.765
0.57,0.21,8.5929
0.4,0.83,10.936
0.99,0.1,4.3936
0.28,0.93,10.105
0.3,0.93,10.284
0.48,0.22,8.8478
0.99,0.02,4.109
0.17,0.3,6.2814
0.74,0.82,9.3576
0.59,0.82,11.119
0.06,0.26,5.2884
0.09,0.1,4.6694
0.93,0.28,5.328
0.05,0.04,4.2982
0.29,0.29,7.6575
0.72,0.56,8.6911
0.07,0.5,6.204
0.69,0.81,9.9827
0.16,0.12,5.3959
0.5,0.87,11.451
0.51,0.22,8.7962
0.44,0.43,9.5461
0.71,0.25,7.4987
0.9,0.44,6.2389
0.93,0.87,7.6616
0.02,0.13,4.6222
0.99,0.11,4.3993
0.61,0.8,10.802
0.88,0.93,8.2191
0.95,0.46,5.9801
0.7,0.93,10.306
0.94,0.19,4.9534
0.3,0.32,7.8278
0.18,0.74,8.0487
0.87,0.26,5.8081
0.25,0.08,6.3322
0.41,0.88,11.242
0.16,0.42,6.6727
0.62,0.07,7.7222
0.84,0.99,8.8758
0.82,0.58,7.5014
0.58,0.19,8.396
0.01,0.77,7.0876
0.11,0.12,4.9173
0.31,0.06,7.0182
0.7,0.15,7.1565
0.93,0.23,4.9915
0.92,0.23,5.1118
0.27,0.59,8.6458
0.05,0.98,8.0551
0.42,0.26,8.768
0.11,0.06,4.6127
0.15,0.71,7.6281
0.8,0.96,9.1985
0.24,0.24,6.8708
0.6,0.92,11.299
0.28,0.5,8.3162
0.09,0.18,5.0049
0.15,0.55,7.1296
0.44,0.16,8.4913
0.68,0.03,7.0031
0.75,0.25,6.974
0.1,0.47,6.2314
0.61,0.32,8.7463
0.59,0.34,8.9988
0.65,0.72,10.035
0.11,0.86,7.9301
0.24,0.25,6.8826
0.99,0.57,6.1876
0.07,0.54,6.3485
0.49,0.68,10.666
0.37,0.18,8.179
0.12,0.88,8.1087
0.77,0.55,7.986
0.62,0.28,8.5472
0.83,0.27,6.2017
0.98,0.98,7.9517
0.03,0.11,4.457
0.87,0.29,5.7078
0.48,0.11,8.5034
0.05,0.44,5.8779
0.44,0.91,11.575
0.89,0.27,5.5128
0.2,0.94,9.1603
0.54,0.25,8.907
0.08,0.15,4.8525
0.21,0.22,6.3142
0.7,0.56,8.9349
0.17,0.08,5.3282
0.17,0.72,8.071
0.34,0.72,9.9541
0.68,0.99,10.721
0.96,0.86,7.4896
0.05,0.3,5.1661
0.76,0.64,8.3745
0.45,0.6,10.33
0.36,0.93,11.041
0.01,0.2,4.7877
0.83,0.79,8.205
1,0.96,7.7713
0.42,0.88,11.318
0.87,0.09,4.8841
0.42,0.91,11.4
0.49,0.55,10.166
0.42,0.22,8.6744
0.98,0.77,7.1623
0.95,0.25,5.1137
0.6,0.57,9.8521
0.76,0.44,7.6037
0.45,0.03,8.1867
0.67,0.9,10.545
0.03,0.5,5.9713
0.61,0.01,7.5215
0.85,0.51,6.8075
0.95,0.61,6.6422
0.53,0.62,10.405
0.18,0.99,9.1221
0.41,0.17,8.3261
0.6,0.68,10.39
0.47,0.75,10.946
0.87,0.03,4.6733
0.43,0.62,10.279
0.94,0.75,7.1464
0.61,0.54,9.7479
0.84,0.8,8.1291
0.19,0.4,6.8681
0.13,0.3,5.8467
0.66,0.65,9.6504
0.62,0.3,8.6102
0.24,0.97,9.7056
0.38,0.16,8.0799
0.71,0.38,8.0207
0.97,0.26,5.0315
0.85,0.81,8.0217
0.07,0.17,4.7386
0.25,0.19,6.6685
0.57,0.13,8.3581
0.49,0.77,11.014
0.29,0.22,7.3114
0.04,0.83,7.3814
0.31,0.35,8.0498
0.96,0.95,7.8332
0.39,0.52,9.5955
0.14,0.24,5.6511
0.43,0.9,11.361
0.25,0.28,7.2095
0.44,0.98,11.866
0.08,0.67,6.892
0.18,0.13,5.6728
0.09,0.67,6.9653
0.25,0.94,9.6384
0.27,0.32,7.5382
0.03,0.88,7.5498
0.91,0.58,6.7196
0.19,0.24,6.2168
0.79,0.07,5.768
0.88,0.71,7.3973
0.17,0.78,8.2333
0.78,0.21,6.474
0.95,0.8,7.2487
0.32,0.82,10.101
0.46,0.39,9.5871
0.83,0.48,6.9541
0.94,0.34,5.515
0.87,0.62,7.1358
0.26,0.53,8.1234
0.17,0.34,6.3896
0.2,0.85,8.8207
0.9,0.88,7.9365
0.93,0.44,5.9665
0.06,0,4.0908
0.47,0.29,9.1157
0,0.76,7.0642
0.13,0.55,6.8203
0.75,0.64,8.5233
0.64,0.64,9.8416
0.5,0.22,8.8559
0.61,0.03,7.5715
0.52,0.06,8.2894
0.43,0.1,8.1869
0,0.85,7.4124
0.2,0.89,8.9099
0.82,0.91,8.742
0.43,0.64,10.35
0.99,0.22,4.9385
0.03,0.78,7.1419
0.84,0.57,7.2249
0.18,0.97,9.1546
0.66,0.96,10.882
0.96,0.24,5.0254
0.09,0.48,6.2751
0.62,0.49,9.429
0.82,0.3,6.3098
0.47,0.19,8.6237
0.82,0.13,5.6508
0.2,0.1,5.7683
0.64,0.08,7.573
0.16,0.44,6.6217
0.25,0.06,6.3039
0.78,0.2,6.4019
0.16,0.88,8.3827
0.19,0.33,6.6282
0.19,0.87,8.6888
0.54,0.85,11.35
0.66,0.78,10.216
0.86,0.37,6.1512
0.13,0.6,6.9561
0.71,0.66,9.1189
0.71,0.1,6.9241
0.25,0.09,6.3572
0.49,0.69,10.723
0.23,0.14,6.2971
0.31,0.29,7.8794
0.43,0.07,8.1443
0.79,0.16,6.0586
0.39,0.63,10.031
0.87,0.16,5.2866
0.69,0.58,9.019
0.55,0.21,8.6746
0.85,0.31,6.11
0.83,0.96,8.8872
0.28,0.47,8.2726
0.99,0.38,5.5369
0.59,0.39,9.1982
0.37,0.66,10.023
0.56,0.82,11.187
0.51,0.54,10.156
0.86,0.26,5.7639
0.67,0,6.9307
0.79,0.28,6.5377
0.52,0.17,8.6595
0.32,0.44,8.6925
0.02,0.01,4.0492
0.86,0.09,5.0851
0.96,0.18,4.7377
0.42,0.5,9.7448
0.87,0.36,6.1544
0.67,0.74,9.9272
0.24,0.12,6.4258
0.09,0.07,4.5838
0.48,0,8.0299
0.14,0.31,5.9861
0.51,0.83,11.194
0.41,0.18,8.41
0.34,0.02,7.1809
0.04,0.76,7.0739
0.61,0.86,10.914
0.25,0.59,8.3507
0.1,0.11,4.703
0.5,0.17,8.756
0.86,0.73,7.7217
0.25,0.45,7.8652
0.03,0.34,5.4538
0.55,0.15,8.5168
0.35,0.68,9.9649
0.79,0.11,5.975
0.56,0.29,9.0788
0.6,0.8,10.736
0.78,0.87,9.0872
0.67,0.57,9.3006
0.02,0.57,6.3082
0.94,0.4,5.7738
0.25,0.99,9.9169
0.7,0.94,10.404
0.14,0.26,5.8898
0.61,0.53,9.7734
0.73,0.48,8.2189
0.37,0.48,9.2826
0.91,0.64,6.8579
0.17,0.99,9.0518
0.45,1,11.879
0.44,0.45,9.6005
0.56,0,7.882
1,0.99,8.0527
0.83,0.17,5.7825
0.39,0.35,8.9336
0.4,0.17,8.2446
0.6,0.01,7.7499
0.09,0.3,5.509
0.14,0.49,6.678
0.96,0.85,7.4836
0.07,0.02,4.2776
0.29,0.15,7.0167
0.32,0.7,9.7156
0.28,0.43,8.113
0.51,0.57,10.383
0.38,0.37,8.9193
0.62,0.78,10.58
0.43,0.49,9.8201
0.33,0.62,9.4107
0.24,0.48,7.7434
0.23,0.13,6.2585
0.73,0.41,7.8745
0.47,0.26,8.9455
0.85,0.12,5.2934
0.1,0.2,5.1679
0.61,0.23,8.4827
0.52,0.58,10.41
0.05,0.78,7.1598
0.95,0.87,7.6685
0.5,0.28,9.158
0.78,0.51,7.622
0.62,0.63,9.9516
0.98,0.82,7.2384
0,0.78,7.103
0.91,0.57,6.6597
0.92,0.56,6.5246
0.27,0.06,6.4255
0.18,0.7,7.9689
0.81,0.54,7.4375
0.61,0.17,8.3037
0.32,0.1,7.1818
0.91,0.5,6.2923
0.36,0.79,10.498
0.02,0.76,7.057
0.91,0.69,7.1184
0.07,0.24,5.1913
0.42,0.48,9.7055
0.33,0.19,7.6338
0.95,0.33,5.3787
0.68,0.07,7.153
0.18,0.77,8.145
0.02,0.83,7.3681
0.06,0.82,7.4647
0.25,0.46,7.7468
0.59,0.78,10.72
0.28,0.97,10.276
0,0.99,7.9283
0.38,0.79,10.609
0.93,0.13,4.6885
0.85,0.17,5.5586
0.96,0.64,6.5569
0.91,0,4.2563
0.65,0.02,7.2576
0.17,0.06,5.2828
0.61,0.27,8.6129
0.73,0.21,6.993
0.23,0.53,7.8688
0.56,0.25,8.8347
0.46,0.42,9.6771
0.1,0.52,6.4686
0.43,0.51,9.8821
0.15,0.51,6.8601
0.41,0.25,8.6833
0.76,0,5.8286
0.85,0.9,8.4751
0.74,0.25,7.1421
0.32,0.99,10.855
0.17,0.37,6.5413
0.14,0.55,7.0081
0.68,0.97,10.643
0.98,0.83,7.2589
0.15,0.04,5.0093
0.92,0.29,5.4394
0.55,0.14,8.3872
0.16,0.38,6.5547
0.16,0.31,6.1069
0.81,0.39,6.8171
0.74,0.8,9.3045
0.56,0.22,8.7264
0.8,0.43,7.0738
0.1,0.31,5.6057
0.01,0.4,5.5813
0.13,0.4,6.2622
0.23,0.76,8.8815
0.74,0.14,6.662
0.73,0.66,8.9067
0.69,0.48,8.6315
0,0.68,6.6945
0.71,0.34,7.8993
0.74,0.61,8.4895
0.99,0.28,5.1126
0.29,0.12,6.885
0.12,0.64,7.166
0.04,0.9,7.6145
0.55,0.18,8.5671
0.96,0,4.0659
0.19,0.76,8.3009
0.28,0.79,9.6309
0.14,0.93,8.4156
0.21,0.02,5.6322
0.2,0.98,9.2311
0.83,0.04,5.1404
0.39,0.81,10.789
0.84,0.59,7.283
0.4,0.22,8.576
0.09,0.4,5.9181
0.21,0.47,7.3287
0.49,0.12,8.4356
0.14,0.3,5.981
0.04,0.86,7.395
0.25,0.76,9.0316
0.68,0.31,8.0403
0.69,0.22,7.6717
0.03,0.83,7.214
0.11,0.3,5.6814
0.23,0.36,7.197
0.8,0.68,8.1117
0.64,0.31,8.4392
0.56,0.15,8.421
0.46,0.35,9.3749
0.12,0.84,7.8683
0.54,0.64,10.513
0.95,0.95,7.868
0.3,0.64,9.245
0.32,0.03,7.0142
0.3,0.69,9.4438
0.43,0.29,8.8964
0.56,0.23,8.7408
0.38,0.61,9.8106
0.69,0.52,8.786
0.8,0.86,8.893
0.46,0.22,8.7855
0.1,0.87,7.9609
0.04,0.62,6.6394
0.78,0.08,5.9355
0.1,0.48,6.446
0.92,0.86,7.6271
0.18,0.09,5.4419
0.43,0.55,9.9995
1,1,8.0041
0.83,0.22,5.941
0.07,0.41,5.8266
0.08,0.55,6.4042
0.81,0.63,7.759
0.34,0.22,7.8781
0.78,0.73,8.3955
0.48,0.69,10.688
0.33,0.07,7.2496
0.03,0.59,6.3368
0.61,0.44,9.4088
0.75,0.24,7.0364
0.05,0.28,5.0847
0.31,0.65,9.3534
0.15,0.56,7.1336
0.54,0.39,9.5129
0.96,0.69,6.8465
0.2,0.43,6.9818
0.69,0.04,7.034
0.75,0.28,7.1738
0.61,0.49,9.4866
0.56,0.41,9.4348
0.11,0.36,5.9085
0.41,0.68,10.421
0.38,0.17,8.0882
0.69,0.59,9.0876
0.37,0.28,8.5264
0.95,0.02,4.1573
0.41,0.73,10.593
0.46,0.49,9.9268
0.73,0.07,6.6052
0.49,0.33,9.2298
0.66,0.76,10.122
0.5,0.66,10.704
0.04,0.87,7.4899
0.1,0.95,8.2288
0.66,0.94,10.996
0.75,0.5,8.0881
0.53,0.44,9.71
0.48,0.96,11.822
0.47,0.46,9.74
0.31,0.43,8.4532
0.8,0.75,8.4151
0.88,0.15,5.0554
0.84,0.43,6.5204
0.94,0.87,7.5007
0.24,0.37,7.3285
0.88,0.16,5.1774
0.68,0.29,8.121
0.16,0.84,8.2386
0.02,0.06,4.3337
0.61,0.85,10.941
0.93,0.61,6.6096
0.81,0.13,5.7228
0.4,0.34,9.0526
0.16,0.79,8.0654
0.93,0.76,7.1703
0.97,0.63,6.5008
0.72,0.69,9.0765
0.36,0.34,8.679
0.47,0.53,10.084
0.16,0.61,7.4213
0.47,0.45,9.7115
0.2,0.57,7.6835
0.25,0.3,7.1326
0.3,0.2,7.4322
0.59,0.58,9.9428
0.36,0.99,11.154
0.92,0.16,4.8923
0.41,0.95,11.44
0.16,0.23,5.8039
0.4,0.18,8.3571
0.69,0.72,9.627
0.91,0.73,7.2696
0.82,0.37,6.6959
0.92,0.49,6.2407
0.68,0.71,9.6703
0.82,0.56,7.4078
0.17,0.2,5.7686
0.52,0.29,9.0578
0.68,0.89,10.478
0.98,0.08,4.3519
0.97,0.66,6.7047
0.62,0.59,9.8199
0.77,0.18,6.5576
0.5,0.19,8.8512
0.79,0.2,6.3094
0.55,0.94,11.569
0.36,0.58,9.5963
0.2,0.36,6.7765
0.07,0.32,5.4861
0.93,0.02,4.2148
0.92,0.89,7.8133
0.65,0.29,8.3786
0.21,0.12,6.0305
0.93,0.32,5.5205
0.31,0.38,8.2049
0.08,0.63,6.778
0.91,0.52,6.2942
0.07,0.01,4.145
0.24,0.49,7.8631
0.29,0,6.5038
0,0.71,6.8198
0.21,0.55,7.7955
0.53,0.23,8.9699
0.5,0.45,9.7844
0.18,0.15,5.7763
0.53,0.09,8.3415
0.08,0.65,6.8143
0.83,0.66,7.6464
0.16,0.48,6.9703
0.45,0.62,10.442
0.77,0.27,6.8268
0.84,0.75,7.8474
0.53,0.6,10.403
0.06,1,8.1501
0.26,0.62,8.6346
0.07,0.89,7.7296
0.75,0.92,9.6705
0.16,0,4.8912
0.94,0.52,6.2176
0.21,0.05,5.6618
0.06,0.97,8.0045
0.21,0.29,6.6048
0.25,0.9,9.6825
0.95,0.73,6.9195
0.87,0.87,8.0944
0.94,0.09,4.4691
0.87,0.15,5.2026
0.09,0.46,6.2657
0.05,0.6,6.5287
0.24,0.3,7.1046
0.04,0.98,7.9689
0.4,0.62,10.156
0.63,0.41,8.9651
0.92,0.21,5.0599
0.75,0.23,6.9307
0.73,0.13,6.7245
0.18,0.54,7.226
0.53,0.02,8.0278
0.32,0.75,9.8937
0.82,0.11,5.5136
0.36,0.35,8.7039
0.08,0.35,5.603
0.48,0.58,10.244
0.63,0.01,7.3815
0.26,0.79,9.2778
0.72,0.15,6.9623
0.69,0.61,9.1561
0.96,0.97,7.8717
0.14,0.06,5.0367
0.39,0.64,10.097
0.21,0.6,7.8893
0.27,0.78,9.3429
0.36,0,7.3234
0.4,0.73,10.544
0.76,0.79,8.9518
0.58,0.26,8.8282
0.29,0.04,6.674
0.23,0.02,5.8825
0.87,0.1,5.1053
0.81,0.35,6.6841
0.52,0.16,8.6339
0.35,0.36,8.6127
0.05,0.2,4.9208
0.95,0.05,4.3615
0.85,0.19,5.4762
0.33,0.57,9.3187
0.39,0.83,10.93
0.54,0.38,9.3101
0.76,0.33,7.2077
0.63,0.28,8.504
0.81,0.28,6.3994
0.72,0.43,8.103
0.31,0.18,7.4781
0.58,0.56,10.06
0.51,0.95,11.827
0.18,0.71,7.9894
0.97,0.93,7.6589
0.52,0.64,10.466
0.37,0.57,9.6125
0.69,0.1,7.1319
0.62,0.69,10.192
0.01,0.59,6.2608
0.86,0.61,7.1618
0.01,0.12,4.4456
0.12,0.44,6.3326
0.01,0.66,6.67
0.63,0.18,8.0458
0.46,0.5,9.8334
0.41,0.71,10.505
0.7,0.6,9.0139
0.61,0.64,10.036
0.09,0.89,7.9423
0.44,0,7.9072
0.93,0.17,4.797
0.7,0.97,10.483
0.91,0.91,7.947
0.33,0.53,9.045
0.21,0.96,9.3421
0.8,1,9.35
0.71,0.09,6.9271
0.74,0.37,7.6218
0.28,0.39,8.0062
0.56,0.9,11.439
0.22,0.68,8.2749
0.4,0.39,9.0972
0.31,0.31,7.9887
0.98,0.71,6.7756
0.51,0.47,9.9499
0.91,0.34,5.7298
0.45,0.4,9.3987
0.35,0.48,9.135
0.07,0.65,6.7737
0.15,0.48,6.6852
0.97,0.17,4.6865
0.09,0.17,4.951
0.35,0.78,10.268
0.88,0.41,6.2799
0.08,0.58,6.5527
0.71,0.29,7.6669
0.18,0.32,6.4174
0.89,0.26,5.5089
0.88,0.73,7.5071
0,0.24,4.9551
0.46,0.29,9.0599
0.94,0.21,5.0382
0.3,0.86,10.007
0.84,0.88,8.5267
0.68,0.08,7.185
0.04,0.47,5.9912
0.97,0.76,7.0716
0.03,0.13,4.5193
0.26,0.76,9.2789
0.72,0.72,9.2743
0.73,0.78,9.3955
0.28,0.91,9.9717
0.37,0.89,10.925
0.26,0.21,7.055
0.27,0.37,7.7519
0.28,0.86,9.8245
0.29,0.11,7.0077
0.38,0.87,10.911
0.2,0.26,6.3366
1,0.66,6.5258
0.45,0.61,10.318
0.09,0.92,7.9107
0.6,0.24,8.6037
0.69,0.86,10.254
0.06,0.66,6.7378
0.31,0.48,8.6916
0.13,0.54,6.7846
0.89,0.63,6.9754
0.16,0.08,5.2669
0.9,0.65,7.029
0.68,0.69,9.6257
0.03,0.07,4.3765
0.18,0.85,8.5363
0.04,0.65,6.5936
0.83,0.95,8.736
0.28,0.44,8.173
0.39,0.51,9.5517
0.42,0.32,9.0075
0.41,0.32,8.9688
0,0.7,6.7489
0.54,0.75,10.934
0.71,0.01,6.5405
0.16,0.27,6.0618
0.07,0.12,4.7175
0.6,0.88,11.085
0.61,0.61,10.055
0.3,0.36,8.0515
0.42,0.47,9.7358
0.99,0.14,4.5935
0.8,0.92,9.1713
0.65,0.8,10.328
0.14,0.04,4.9535
0.99,0.59,6.4364
0.45,0.3,9.1025
0.16,0.64,7.5562
0.82,1,9.1005
0.63,0.13,7.853
0.48,0.92,11.675
0.05,0.01,4.1578
0.69,0.51,8.7434
0.96,0.82,7.2972
0.11,0.82,7.6973
0.33,0.59,9.3335
0.34,0.62,9.6232
0.86,0.15,5.4955
0.6,0.54,9.7611
0.72,0.58,8.7297
0.08,0.44,5.9889
0.47,0.81,11.174
0.83,0.78,8.2269
0.56,0.13,8.3166
0.58,0.38,9.3404
0.08,0.93,7.8653
1,0.24,4.8592
0.47,0.58,10.314
0.12,0.9,8.214
0.26,0.84,9.3718
0.84,0.77,8.1131
0.57,0.9,11.459
0.99,0.16,4.6487
0.99,0.13,4.5223
0.56,0.45,9.5991
0.29,0.66,9.0842
0.81,0.42,6.9465
0.9,0.01,4.5112
0.46,0.11,8.3852
0.19,0.26,6.2584
0.97,0.99,8.0514
0.22,0.6,7.947
0.94,0.61,6.5642
0.09,0.05,4.564
0.12,0.28,5.7756
0.38,0.36,8.9134
0.2,0.48,7.3833
0.38,0.02,7.6502
0.37,0.22,8.3438
0.39,0.76,10.548
0.75,0.71,8.8778
0.12,0.09,4.9063
0.04,0.07,4.3693
0.88,0.88,8.0105
0.01,0.5,5.9372
0.72,0.52,8.4063
0.61,0.29,8.7166
0.36,0.95,11.025
0.61,0.63,10.168
0.8,0.34,6.7562
0.89,0.67,7.17
0.11,0.18,5.2428
0.82,0.98,9.1024
0.54,0.98,11.684
0.2,0.31,6.6553
0.31,0.74,9.7098
0.73,0.45,8.0525
0.42,0.53,9.8707
0.71,0.28,7.6445
0.67,0.35,8.492
0.08,0.81,7.4499
0.69,0.77,9.7523
0.69,0.99,10.696
0.23,0.49,7.6384
0.43,0.54,9.9658
0.96,0.59,6.3588
0.24,0.79,9.0745
0.04,0.78,7.1865
0.84,0.9,8.4559
0.24,0.8,9.1357
0.23,0.23,6.7298
0.29,0.34,7.7506
0.74,0.39,7.6964
0.81,0,5.1771
0.78,0.28,6.7912
0.43,0.86,11.307
0.63,0.97,11.218
0.4,0.24,8.6002
0.27,0.12,6.6649
0.23,0.88,9.2247
0.91,0.77,7.4564
0.69,0.47,8.5918
0.57,0.16,8.4009
0.65,0.01,7.2864
0.3,0.23,7.6161
0.76,0.1,6.2266
0.59,0.85,11.163
0.06,0.57,6.4606
0.06,0.61,6.6079
0.8,0.07,5.5439
0.25,0.24,7.0573
0.8,0.29,6.5441
0.49,0.64,10.545
0.62,0.56,9.6005
0.32,0.36,8.2237
0.86,0.53,6.9685
0.56,0.46,9.6764
0.87,0.48,6.6081
0.68,0.92,10.554
0.91,0.23,5.2332
0.87,0.54,6.672
0.67,0.53,9.2036
0.2,0.53,7.4597
0.23,0.61,8.1049
0.49,0.86,11.421
0.67,0.43,8.6451
0.46,0.21,8.7297
0.38,0.59,9.8744
0.84,0.84,8.3011
0.78,0.1,6.0541
0.18,0.44,6.9396
0.09,0.93,8.1431
0.89,0.97,8.3658
0.69,0.25,7.6832
0.43,0.83,11.012
0.4,0.43,9.309
0.45,0.29,9.0368
0.01,0.95,7.808
0.36,0.52,9.2478
0.21,0.79,8.6344
0.19,0.47,7.2001
0.38,0.91,11.099
0.47,0,7.9369
0.11,0.6,6.9534
0.89,0.62,6.9093
0.56,0.33,9.177
0.4,0.08,7.8535
0.26,0.23,7.0417
0.33,0.37,8.431
0.03,0.2,4.7554
0.05,0,4.0559
0.56,0.28,9.0415
0.52,0.09,8.298
0.25,0.73,8.9612
0.5,0.04,8.149
0.84,0.58,7.2591
0.45,0.63,10.387
0.49,1,11.987
0.77,0.58,8.0382
0.21,0.51,7.5097
0.27,0,6.4245
0.69,0.6,9.1511
0.57,0,7.8492
0.64,0.82,10.543
0,0.52,6.042
0.49,0.48,9.9499
0.52,0.92,11.599
0.75,0.3,7.1845
0.55,0.03,8.0104
0.27,0.72,9.1372
0.8,0.71,8.1893
0.31,0.7,9.5505
0.86,0.52,6.8259
0.26,0.09,6.4763
0.11,0.64,7.0549
0.18,0.41,6.7994
0.13,0.67,7.3304
0.77,0.88,9.2476
0.12,0.7,7.3329
0.13,0.45,6.4413
0.86,0.85,8.1617
0.99,0.33,5.3646
0.82,0.02,5.257
0.79,0.97,9.3674
0.18,0.78,8.2604
0.56,0.5,9.8873
0.36,0.31,8.5524
0.93,0.88,7.7978
0.91,0.15,4.9067
0.27,0.69,9.078
0.38,0.68,10.225
0.72,0.11,6.8282
0.07,0.97,8.0474
0.9,0.18,5.0633
0.85,0.65,7.3145
0.32,0.66,9.4498
0.81,0.11,5.7862
0.46,0.2,8.742
0.73,0.76,9.2941
0.66,0.85,10.335
0.5,0.59,10.4
0.69,0.44,8.5815
0.22,0.25,6.6745
0.89,0.24,5.4683
0.04,0.59,6.4172
0.16,0.8,8.0858
0.77,0.41,7.3462
0.05,0.33,5.4309
0.81,0.91,9.0283
0.73,0.34,7.6394
0.66,0.51,9.1944
0.56,0.51,9.917
0.02,0.67,6.7181
0.67,0.98,10.836
0.5,0.03,8.1704
0.91,0.04,4.3757
0.5,0.44,9.6881
0.26,0.12,6.6599
0.22,0.47,7.4809
0.45,0.26,9.008
0.13,0.65,7.3034
0.17,0.9,8.6756
0.19,0.2,6.0272
0.87,0.12,5.0588
0.27,0.14,6.8254
0.36,0.48,9.1796
0.35,0.98,11.066
0.77,0.92,9.3879
0.55,0.72,10.849
0.17,0.92,8.7064
0.11,0.5,6.38
0.28,0.95,10.189
0,0.27,5.1138
0.71,0.62,8.9834
0.96,0.49,5.9483
0.69,0.5,8.8075
0.8,0.58,7.6654
0.29,0.18,7.252
0.43,0.17,8.4301
0.44,0.6,10.259
0.05,0.38,5.6285
0.66,0.58,9.3685
0.94,0.46,5.9219
0.81,0.12,5.7164
0.86,0.84,8.0272
0.03,0.01,4.0039
0.04,0.22,4.9479
0.12,0.27,5.6429
0.62,0.88,10.913
0.02,0.82,7.3208
0.01,0.46,5.8161
0.84,0.35,6.2684
0.17,0.8,8.1734
0.72,0.75,9.2835
0.16,0.56,7.2306
0.55,0.68,10.679
0.05,0.1,4.4675
0.27,0.86,9.6497
0.94,0.3,5.3633
0.38,0.95,11.289
1,0.37,5.4937
0.62,0.43,9.1877
0.44,0.2,8.5877
0.12,0.45,6.3797
0.78,0.15,6.1749
0.02,0.38,5.6272
0.34,0.55,9.3763
0.57,0.67,10.523
0.35,0.42,8.9219
0.14,0.45,6.3975
0.91,0.56,6.5616
0.56,0.11,8.2567
0.28,0.85,9.771
0.49,0.37,9.5687
0.35,0.08,7.4587
0.28,0.08,6.6574
0.37,0.11,7.8368
0.68,0.54,9.0563
0.37,0.4,8.8548
0.73,0.81,9.4665
0.84,0.96,8.7886
0.88,0.62,6.8846
0.06,0.11,4.549
0.54,0.72,10.75
0.26,0.7,8.9349
0.99,0.34,5.3567
0.62,0.06,7.7235
0.93,0.42,5.8707
0.53,0.89,11.57
0.39,0.72,10.357
0.31,0.85,10.239
0.7,0.36,8.1122
0.69,0.73,9.7024
0.34,0.09,7.4149
0.11,0.65,7.1171
0.28,0.52,8.4395
0.18,0.31,6.3284
0.01,0.1,4.4374
0.51,0.9,11.588
0.86,0.2,5.5463
0.72,0.36,7.7858
0.73,0.23,7.1405
0.73,0.91,9.812
0.14,0.22,5.6049
0.75,0.68,8.6797
0.76,0.78,8.9735
0.23,0.72,8.7882
0.36,0.94,11.033
0.24,0.38,7.4429
0.93,0.3,5.3581
0,0.61,6.4607
0.31,0.69,9.5278
0.94,0.31,5.3099
0.6,0.33,8.9447
0.47,0.85,11.348
0.68,0.67,9.5318
0.51,0.49,9.8868
0.25,0.31,7.1855
0.63,0.83,10.702
0.74,0.58,8.431
0.36,0.06,7.5536
0.64,0.13,7.7061
0.67,0.68,9.7142
0.82,0.41,6.795
0.8,0.08,5.7666
0.44,0.83,11.146
0.66,0.93,10.827
0.77,0.95,9.6167
0.23,0.48,7.7525
0.13,0.5,6.6323
0.37,0,7.3886
0.53,0.59,10.287
0.06,0.33,5.4899
0.31,0.78,9.9374
0.83,0.42,6.7343
0.85,0.23,5.7014
0.03,0.89,7.5343
0.28,0.99,10.314
0.45,0.06,8.079
0.29,0.26,7.573
0.33,0.3,8.2393
0.79,0.39,7.0927
0.33,0.61,9.4252
0.96,0.3,5.3568
0.37,0.01,7.3493
0.48,0.52,10.12
0.69,0.43,8.4734
0.61,0.51,9.6415
0.07,0.11,4.728
0.06,0.83,7.5159
0.11,0.28,5.482
0.34,0.79,10.158
0.54,0.16,8.5246
0.65,0.28,8.2855
0.74,0.69,8.8616
0.09,0.41,5.9473
0.2,0.21,6.2025
0.03,0.3,5.1435
0.25,0.36,7.4686
0.29,0.42,8.1992
0.04,0.74,6.9877
0.14,0.4,6.3958
0.61,1,11.628
0.49,0.02,8.127
0.57,0.09,8.1582
0.2,0.72,8.21
0.94,0.53,6.3448
0.71,0.33,7.847
0.41,0.98,11.562
0.38,0.88,11.002
0.83,0.54,7.2616
0.87,0.67,7.3322
0.31,0.39,8.3382
0.46,0.13,8.4347
0.62,0.87,10.955
0.07,0.57,6.43
0.44,0.62,10.355
0.69,0.45,8.5054
0.87,0.31,5.8357
0.57,0.47,9.7516
0.63,0.7,10.098
0.62,0.31,8.7758
0.11,0.15,5.0713
0.98,0.78,7.1141
0.18,0.88,8.7373
0.04,0.36,5.4559
0.22,0.18,6.3529
0.31,0.88,10.346
0.07,0.45,5.9162
0.53,0.7,10.725
0.54,0.22,8.8733
0.8,0.65,8.0099
0.77,0.34,7.0736
0.84,0.86,8.4181
0.69,1,10.783
0.48,0.76,11.082
0.09,0.84,7.762
0.39,0.23,8.4984
0.3,0.27,7.6287
0.51,0.19,8.7534
0.56,0.75,10.861
0.34,0.14,7.591
0.42,0.71,10.61
0.73,0.86,9.6886
0.46,0.19,8.7598
0.42,0.94,11.431
0.11,0.91,8.1723
0.84,0.98,8.8605
0.42,0.13,8.4043
0.55,0.05,8.1111
0.38,0.38,8.9684
0.29,0.46,8.3371
0.99,0.26,4.9738
1,0.04,4.179
0.31,0.2,7.6488
0.57,0.63,10.324
0.81,0.8,8.564
0,0.41,5.7022
0.81,0.78,8.3347
0.03,0.58,6.2727
0.95,0.06,4.373
0.87,0.49,6.5425
0.06,0.7,6.9802
0.51,0.3,9.1484
0.53,0.68,10.688
0.33,0.4,8.5578
0.96,0.55,6.4497
0.85,0.6,7.2157
0.12,0,4.4923
0.42,0.58,10.079
0,0.72,6.874
0.98,0.37,5.5997
0.18,0.21,5.9923
0.75,0.88,9.4816
0.83,0.36,6.4316
0.12,0.89,8.165
0.6,0.02,7.6545
0.12,0.41,6.1827
0.42,0.82,11.017
0.31,0.14,7.2989
0.11,0.85,7.8469
0.23,0.69,8.5709
0.79,0.9,9.1197
0.25,0.55,8.1317
0.3,0.88,10.086
0.9,0.45,6.2686
0.97,0.82,7.2901
0.24,0.74,8.8759
0.97,0.75,7.0681
0.43,0.8,10.964
0.71,0.07,6.8322
0.64,0.5,9.2479
0.34,0.43,8.7065
0.98,0.96,7.8868
0.69,0.35,8.1306
0.93,0.18,4.932
0.31,0.12,7.1877
0.23,0.01,5.8314
0.11,0.84,7.8471
0,0.92,7.6385
0.26,0.82,9.2708
0.6,0.23,8.5486
0.66,0.97,10.842
0.88,0.81,7.8025
0.32,0.65,9.4836
0.6,0.59,9.9367
0.44,0.22,8.8323
0.1,0.22,5.2202
0.37,0.94,11.11
0.57,0.41,9.3289
0.91,0.44,6.0389
0.74,0.74,9.1303
0.95,0.26,5.1338
0.68,0.19,7.6635
0.6,0.11,8.0502
0.05,0.55,6.3433
0.37,0.44,9.1132
1,0.14,4.6028
0.53,0.32,9.229
0.04,0.56,6.2889
0.12,0.39,6.0083
0.62,1,11.495
0.68,0.57,9.1106
0.81,0.62,7.7407
0.86,0.36,6.2142
0.29,0.69,9.2277
0.24,0.5,7.9638
0,0.37,5.5547
0.39,0.73,10.462
0.19,0.61,7.8597
0.12,0.58,6.9494
0.16,0.73,7.8106
0.47,0.25,8.9482
0.74,0.78,9.2293
0.48,0.43,9.707
0.67,0.22,7.9064
0.74,0.64,8.6375
0.25,0.58,8.2795
0.3,0.92,10.333
0.4,0.98,11.612
0.81,0.59,7.57
0.58,0.61,10.209
0.01,0.78,7.1773
0.63,0.19,8.0952
0.41,0.62,10.171
0.99,0.44,5.7936
0.88,0.8,7.7102
0.01,0.8,7.2361
0,0.19,4.8167
0.08,0.57,6.6262
0.31,0.41,8.4372
0.77,0.11,6.2346
0.52,0.36,9.437
0.61,0.39,9.1245
0.12,0.81,7.6786
0.74,0.51,8.2094
0.77,0.66,8.3171
0.47,0.63,10.454
0.62,0.12,7.9134
0.29,0.5,8.6191
0.97,0.57,6.2412
0.38,0.76,10.537
0.81,0.87,8.7733
0.94,0.41,5.7625
0.18,0.16,5.7739
0.09,0.47,6.0886
0.37,0.85,10.711
0.03,0.45,5.8247
0.49,0.09,8.2922
0.75,0.03,6.2125
0.07,0.05,4.3647
0.62,0.9,10.907
0.58,0.97,11.616
0.08,0.32,5.5712
0.64,0.61,9.8002
0.25,0.56,8.2759
0.92,0.67,6.9428
0.89,0.34,5.7948
0.19,0.91,8.8074
0.07,0.26,5.2225
0.66,0.01,7.1182
0.71,0.04,6.5958
0.13,0.22,5.666
0.41,0.59,10.023
0.33,0.06,7.2028
0.17,0.18,5.7718
0.55,0.19,8.6018
0.72,0.3,7.5816
0.24,0.82,9.1268
0.79,0.85,8.9288
0.92,0.41,5.8483
0.09,0.36,5.79
0.92,0.38,5.8306
0.57,0.05,8.0387
0.55,0.09,8.2782
0.74,0.27,7.2054
0.25,0.38,7.5385
0.29,0.89,10.193
0.07,0.53,6.4186
0.44,0.05,8.1157
0.82,0.79,8.2699
0.71,0.83,9.817
0.86,0.77,7.793
0.57,0.56,10.043
0.07,0.68,6.8809
0.08,0.2,5.0135
0.77,0.94,9.4737
0.08,0.14,4.7427
0.84,0.47,6.7689
0.15,0.75,7.9514
0.93,0.54,6.298
0.92,0.92,7.9265
0.49,0.71,10.794
0.39,0.9,11.15
0.5,0.99,11.949
0.65,0.45,8.9771
0.71,0.36,7.8991
0.19,0.36,6.6766
0.72,0.9,9.9387
0.85,0.98,8.7857
0.88,0.72,7.469
0.31,0.64,9.2364
0.99,0.61,6.3347
0.61,0.76,10.642
0.94,0.98,8.0458
0.22,0.96,9.3581
0.54,0.1,8.2266
0.4,0.27,8.7955
0.8,0.7,8.0433
0.06,0.79,7.3195
0.65,0.43,8.8856
1,0.63,6.5636
0.4,0.33,8.8604
0.78,0.22,6.4837
0.22,0.41,7.2532
0.56,0.68,10.648
0.05,0.17,4.8163
0.81,0.32,6.5467
0.9,0.67,7.0068
0.33,0.64,9.5154
0.77,0.14,6.3524
0.27,0.57,8.4994
0.52,0.96,11.865
0.41,0.27,8.7657
0.13,0.72,7.5446
0.42,0.87,11.261
0.94,0.78,7.2648
0.18,0.63,7.5962
0.05,0.51,6.0555
0.51,0.99,12.008
0.07,0.87,7.656
0.94,0.57,6.4094
0.91,0.48,6.2379
0.52,0.27,9.1469
0.38,0.19,8.2063
0.33,1,10.977
0.21,0.75,8.5087
0.67,0.29,8.1407
0.58,0.37,9.2215
0.18,0.26,6.3246
0.93,0.48,6.1332
0.36,0.59,9.7823
0.71,0.79,9.6443
0.19,0.53,7.3824
0.31,0.54,8.8833
0.71,0.93,10.225
0.89,0.05,4.6558
0.73,0.75,9.2286
0.26,0.25,7.154
0.13,0.73,7.504
0.03,0.57,6.3475
0.31,0.36,8.2802
0.75,0.99,9.9666
0.75,0.18,6.6916
0.13,0.51,6.6698
0.53,0.81,11.224
0.21,0.21,6.2357
0,0.21,4.8521
0.39,0.94,11.289
0.3,0.76,9.7062
0.12,0.15,5.1443
0.18,0.8,8.3251
0.03,0.09,4.4245
0.6,0.76,10.654
0.49,0.1,8.4067
0.48,0.86,11.419
0.58,0.44,9.35
0.24,0.46,7.6766
0.93,0.57,6.5142
0.21,0.92,9.2194
0.8,0.88,8.7772
0.19,0.17,6.1468
0.44,0.85,11.199
0.92,0.18,4.966
0.95,0.82,7.4038
0.53,0.58,10.337
0.33,0.56,9.1702
0.95,0.51,6.1263
0.78,0.07,5.9539
0.39,0.3,8.7534
0.27,0.56,8.401
0.64,0.26,8.2512
0.4,0.8,10.762
0.72,0.87,9.8617
0.03,0.17,4.7397
0.77,0.7,8.5398
0.98,0.48,5.9731
0.67,0.94,10.681
0.89,0.79,7.5703
0.43,0.42,9.3449
0.96,0.46,5.8685
0.66,0.86,10.51
0.08,0.8,7.4631
0.12,0.24,5.5887
0.05,0.53,6.1898
0.65,0.08,7.4229
0.74,0.95,9.8945
1,0.89,7.6109
0.98,0.29,5.1556
0.27,0.7,9.0165
0.16,0.74,7.8783
0.36,0.45,9.1094
0.42,0.97,11.578
0.68,0.5,8.7947
0.75,0.06,6.3086
0.64,0.76,10.31
0.7,0.2,7.4042
0.01,0.48,5.8091
0.86,0.95,8.4736
0.87,0.18,5.3302
0.61,0.5,9.4589
0.69,0.46,8.6232
0.03,0.36,5.4582
0.46,0.44,9.745
0.2,0.32,6.6581
0.19,0.64,7.7759
0.94,0.92,7.8612
0.16,0.13,5.5398
0.96,0.92,7.7678
0.73,0.98,10.171
0.77,0.87,9.1841
0.76,0.56,8.194
0.33,0.55,9.2085
0.92,0.53,6.3768
0.03,0.79,7.2265
0.46,0.57,10.219
0.64,0.38,8.8405
0.15,0.72,7.7755
0.23,0.29,6.85
0.58,0.08,8.0718
0.55,0.7,10.724
0.54,0.61,10.433
0.47,0.48,9.901
0.32,0.13,7.4064
0.82,0.17,5.762
0.52,0.25,9.0125
0.85,1,8.7173
0.89,0.42,6.1534
0.44,0.72,10.83
0.53,0.12,8.5516
0.5,0.23,9.0485
0.09,0.75,7.3109
0.87,0.22,5.411
0.05,0.14,4.7649
0.43,0.23,8.7244
0.41,0.49,9.4857
0.61,0.66,10.131
0.21,0,5.5046
0.35,0.85,10.54
0.34,0.37,8.5481
0.07,0.73,7.0868
0.8,0.26,6.4818
0.18,0.46,7.0352
0.17,0.01,5.0276
0.88,0.27,5.5925
0.24,0.85,9.2532
0.66,0.74,9.9562
0.36,0.98,11.308
0.83,0.14,5.6298
0.13,0.63,7.2176
0.01,0.14,4.5592
0.9,0.51,6.4055
0.79,0.03,5.6174
0.72,0.49,8.2621
0.2,0.97,9.2371
0.73,0.15,6.7815
0.35,0.8,10.402
0.59,0.5,9.7227
0.91,0.68,7.0311
0.91,0.66,7.0075
0.3,0.26,7.6081
0.16,0.37,6.4708
0.76,0.57,8.1236
0.43,0.21,8.7492
0.07,0.64,6.737
0.37,0.73,10.288
0.65,0.83,10.564
0.36,0.2,8.0363
0.17,0.29,6.2298
0.2,0.58,7.7714
0.49,0.67,10.8
0.3,0.77,9.685
0.84,0.14,5.4128
0.61,0.95,11.331
0.15,0.07,5.0689
0.27,0.71,9.1074
0.69,0.64,9.2209
0.3,0.75,9.6299
0.27,0.11,6.6348
0.67,0.69,9.6266
0.84,0.16,5.5239
0.7,0.5,8.5777
0.22,0.4,7.2455
0.31,0.57,8.9774
0.82,0.25,6.1273
0.9,0.16,5.1077
0.63,0.07,7.5855
0.42,0.19,8.4877
0.33,0.24,7.9419
0.8,0.56,7.6376
0.15,0.97,8.7615
0.96,0.65,6.6746
0.34,0.36,8.4505
0.21,0.3,6.7493
0.25,0.35,7.3477
0.8,0.35,6.7733
0.07,0.35,5.5692
0.79,0.74,8.5256
0.76,0.23,6.7484
0.91,0.33,5.6595
0.91,0.79,7.4618
0.06,0.84,7.3784
0.07,0.69,6.8077
0.97,0.89,7.5386
0.7,0.71,9.5204
0.74,0.75,9.133
0.01,0.08,4.3495
0.48,0.14,8.5521
0.45,0.21,8.7999
0.93,0.36,5.6826
0.47,0.11,8.3825
0.87,0.93,8.4968
0.57,0.86,11.244
0.99,0.83,7.4312
0.96,0.91,7.6825
0.63,0.5,9.3797
0.35,0.14,7.7805
0.69,0.27,7.7809
0.25,0.16,6.7414
0.34,0.81,10.318
0.47,0.03,8.0769
0.28,0.8,9.541
0.87,0.96,8.4584
0.19,0.68,7.9963
0.12,0.31,5.7818
0.19,0.52,7.2915
0.16,0.89,8.5248
0.59,0.49,9.7066
0.09,0.31,5.5369
0.83,0.24,6.0497
0.19,0.51,7.3172
0.38,0.06,7.7421
0.95,0.18,4.8845
0.49,0.15,8.6978
0.22,0.14,6.2211
0.56,0.8,11.13
0.1,0.28,5.4692
0.36,0.39,8.8222
0.15,0.61,7.2872
0.08,0.59,6.7087
0.73,0.28,7.3467
0.08,0.3,5.4915
0.64,0.8,10.467
0.98,0.61,6.4755
0.71,0.31,7.7393
0.32,0.61,9.3566
0.8,0.5,7.4794
0.33,0,7.0121
0.02,0.02,4.1126
0.56,0.67,10.582
0.1,0.1,4.7314
0.59,0.28,8.8344
0.22,0.27,6.7255
0.61,0.31,8.7687
0.46,0.41,9.6425
0.53,0.18,8.7886
0.79,0.04,5.6877
0.8,0.55,7.6541
0.17,0.73,8.0233
0.13,0.61,6.9741
0.57,0.36,9.2357
0.89,0.69,7.1648
0.84,0.02,5.0957
0.63,0.23,8.3889
0.65,0.79,10.304
0.85,0.56,7.0532
0.48,0.9,11.628
0.41,0.41,9.2745
0.77,0.79,8.8812
0.72,0.35,7.8326
0.88,0.5,6.6154
0.21,0.39,6.9981
0.2,0.71,8.2306
0.36,0.85,10.716
0.69,0.67,9.394
0.54,0.96,11.744
0.85,0.08,5.0889
0.63,0.51,9.3861
0.79,1,9.5002
0.31,0.63,9.2803
0.56,0.19,8.5279
0.28,0.56,8.5905
0.4,0.45,9.549
0.71,0.85,10.012
0.21,0.26,6.5375
0.37,0.88,10.852
0.05,0.7,6.9913
0.47,0.76,10.982
0.91,0.87,7.7453
0.28,0.9,9.9634
0.6,0.35,9.0327
0.9,0.35,5.8189
0.96,0.41,5.7031
0.43,0.14,8.3931
0.79,0.79,8.6542
0.48,0.6,10.361
0.5,0.36,9.4396
0.71,0.87,10.023
0.57,0.46,9.5449
0.77,0.59,8.2128
0.86,0.89,8.1849
0.36,0.57,9.6302
0.37,0.16,7.9397
0.57,0.12,8.4082
0.16,0.21,5.7142
0.37,0.36,8.7524
0.88,0.31,5.7437
0.24,0.64,8.4634
0.26,0.51,8.1538
0.09,0.69,7.0927
0.71,0.2,7.3169
0.9,0.53,6.5459
0.69,0.16,7.4108
0.55,0.96,11.744
0.31,0.34,7.9403
0.53,0.36,9.4202
0.59,0.48,9.5678
0.52,0.98,11.894
0.71,0.39,8.1126
0.56,0.91,11.51
0.24,0.62,8.3639
0.5,0.61,10.338
0.96,0.08,4.3941
0.79,0.37,6.9119
0.92,0.33,5.5888
0.94,0.23,5.0098
0.77,0.56,8.0258
0.75,0.05,6.1273
0.86,0.66,7.2772
1,0.32,5.2629
0.63,0.11,7.8768
0.82,0.65,7.7422
0.99,0.69,6.8758
0.57,0.91,11.563
0.94,0.74,7.0941
0.57,0.22,8.7002
0.67,1,10.924
0.77,0.65,8.3351
0.08,0.16,4.8872
0.54,0.4,9.5356
0.06,0.52,6.2003
0.95,0.39,5.7062
0.16,0.07,5.1443
0.9,0.8,7.5011
0.63,0.67,10.049
0.14,0.15,5.4111
0.27,0.07,6.5768
0.76,1,9.8494
0.84,0.27,6.0741
0.69,0.12,7.2351
1,0.19,4.7471
1,0.94,7.7651
0.89,0.45,6.3191
0.26,0.37,7.6207
0.55,0.39,9.604
0.61,0.71,10.351
0.35,0.15,7.7298
0.28,0.32,7.7132
0.1,0.45,6.2344
0.44,0.06,7.9809
0.9,0.5,6.3473
0.17,0.44,6.7615
0.04,0.04,4.1929
0.39,0.96,11.456
0.19,0.74,8.2218
0.08,0.69,6.9831
0.29,0.94,10.29
0.24,0.35,7.2691
0.9,0.59,6.7129
0.58,0.96,11.609
0.26,0.92,9.8463
0.69,0.91,10.441
0.72,0.04,6.5053
0.39,0.42,9.1415
0.14,0.61,7.1018
0.87,0.34,5.9572
0.09,0.97,8.198
0.97,0.01,4.1202
0.84,0.87,8.4405
0.72,0.37,7.8459
0.46,0.69,10.654
0.98,0.62,6.5416
0.76,0.36,7.3764
0.14,0.51,6.9228
0.25,0.7,8.7931
0.24,0,5.938
0.24,0.76,8.8423
0.76,0.63,8.3384
0.36,0.44,9.0533
0.19,0.38,6.7454
0.93,0.53,6.3656
0.28,0.34,7.6731
0.36,0.78,10.458
0.15,0.88,8.3894
0.91,0.86,7.7813
0.31,0.09,7.2059
0.69,0.02,6.8406
0.06,0.56,6.3762
0.82,0.46,7.0124
0.44,0.51,9.9089
0.22,0.12,6.0702
0.39,0.12,7.9894
0.06,0.93,7.7746
0.72,0.93,10.118
0.76,0.84,9.1783
0.2,0.37,6.8398
0.31,1,10.759
0.68,0.24,7.8134
0.94,0.11,4.4499
0.14,0.71,7.5635
0.26,0.43,7.7343
0.42,0.39,9.3022
0.69,0.39,8.2898
0.38,0.51,9.5004
0.57,0.85,11.243
0.16,0.75,8.0118
0.25,0.51,8.0602
0,0.14,4.5445
0.92,0.34,5.5617
0.09,0.57,6.5236
0.93,0.64,6.8044
0.59,0.23,8.655
0.02,0.97,7.9444
0.74,0.42,7.7709
0.7,0.32,7.9329
0.75,0.52,8.1373
0.06,0.87,7.7114
0.21,0.72,8.3973
0.04,0.68,6.6634
0.8,0.01,5.4047
0.36,0.19,8.0632
0.65,0.14,7.7056
0.22,0.92,9.3604
0.47,0.92,11.606
0.75,1,10.055
0.13,0.96,8.3882
0.3,0.91,10.282
0.32,0.2,7.5963
0.62,0.11,7.797
0.37,0.71,10.206
0.3,0.52,8.6684
0.01,0.91,7.7085
0.18,0.95,9.0124
0.6,0.29,8.8483
0.72,0.57,8.6475
0.26,0.44,7.9397
0.11,0.74,7.324
0.97,0.23,4.9806
0.81,0.36,6.7808
0.59,0.02,7.835
0.44,0.69,10.514
0.57,0.92,11.519
0.11,0.58,6.7105
0.45,0.84,11.244
0.79,0.48,7.4943
0.82,0.39,6.806
0.57,0.8,11.033
0.6,0.52,9.6792
0.86,0.16,5.3934
0.44,0.66,10.625
0.15,0.2,5.5429
0.57,0.32,8.9606
0.35,0.5,9.1978
0.75,0.21,6.8067
0.03,0.49,6.0671
0.57,0.71,10.69
0.89,0.91,8.1723
0.39,0.41,9.075
0.07,0.63,6.7954
0.79,0.05,5.6412
0.98,0.25,5.0057
0.61,0.21,8.4442
0.23,0.62,8.2409
0.96,0.42,5.6417
0.58,0.79,10.908
0.67,0.52,9.0642
0.86,0.99,8.7413
0.55,0.57,10.14
0.14,0.67,7.4485
0.88,0.14,5.205
0.34,0.57,9.406
0.08,0.79,7.2905
0.61,0.41,9.2064
0.21,0.27,6.5313
0.43,0.87,11.434
0.98,0.68,6.7867
0.36,0.42,9.0242
0.2,0.18,6.1791
0.78,0.93,9.3584
0.23,0.08,6.1014
0.04,0.21,4.8885
0.17,0.87,8.5059
0.52,0.83,11.302
0.81,0.3,6.3892
0.91,0.3,5.5125
0.84,0.89,8.5385
0.28,0.14,7.0321
0.44,0.11,8.3502
0.03,0.96,7.9452
0.98,0.45,5.7469
0.8,0.62,7.8535
0.57,0.19,8.5971
0.01,0.96,7.8321
0.18,0.02,5.2355
0.53,0.67,10.759
0.86,0.32,6.0669
0.78,0.19,6.4007
0.55,0.2,8.7769
0.12,0.67,7.2089
0.56,0.84,11.199
0.48,0.4,9.6217
0.82,0.84,8.4944
0.48,0.05,8.2591
0.57,0.93,11.496
0.09,0.7,7.0966
0.69,0.05,6.9989
0.87,0.63,7.2618
0.22,0.19,6.4128
0.42,0.08,8.0545
0.7,0.77,9.7009
0.58,0.28,8.9053
0.04,0.94,7.8703
0.58,0.41,9.3418
0.7,1,10.738
0.85,0.97,8.6775
0.11,0.42,6.0257
0.24,0.26,6.9383
0.73,0.52,8.3667
0.89,0,4.5692
0.58,0.62,10.256
0.49,0.23,8.9022
0.09,0.9,7.9554
0.82,0.32,6.4382
0.74,0.79,9.3195
0.65,0.15,7.6822
0.93,0.19,4.9899
0.72,0.48,8.3735
0.47,0.77,11.09
0.69,0.21,7.6051
0.59,0.64,10.2
0.28,0.28,7.4426
0.96,0.8,7.3091
0.14,0.75,7.6303
0.76,0.01,5.9899
0.56,0.63,10.395
0.15,0.42,6.4733
0.9,0.56,6.566
